Material,Metal,Chalcogen,Metal Atomic Number,Chalcogen Atomic Number,Metal - Chalcogen,Direction,Crack length,Temperature,Fracture Stress,Fracture Strain,YM,Fracture Toughness,Critical Strain Energy Release Rate,,,,Charge transfer
MoS2,Mo,S,42,16,2.382,Armchair,1,100,5.834277699,0.072,102.7472588,7.312182721,0.52038387,,,,0.92
MoS2,Mo,S,42,16,2.382,Armchair,1,200,5.397437769,0.068,100.5197929,6.764685061,0.455243317,,,,0.92
MoS2,Mo,S,42,16,2.382,Armchair,1,300,5.107692114,0.065,98.06229009,6.401542736,0.417895088,,,,0.92
MoS2,Mo,S,42,16,2.382,Armchair,1,400,4.687149887,0.059,91.10876077,5.874471217,0.378771611,,,,0.92
MoS2,Mo,S,42,16,2.382,Armchair,1,500,4.530964356,0.059,90.02184675,5.678721683,0.358222822,,,,0.92
MoS2,Mo,S,42,16,2.382,Armchair,1,600,4.018903591,0.052,87.18194045,5.036948687,0.291010408,,,,0.92
MoS2,Mo,S,42,16,2.382,Armchair,2,100,4.628116289,0.055,102.1165706,8.203122539,0.65896474,,,,0.92
MoS2,Mo,S,42,16,2.382,Armchair,2,200,4.278354126,0.052,99.52361347,7.583185246,0.577799544,,,,0.92
MoS2,Mo,S,42,16,2.382,Armchair,2,300,3.988439515,0.049,96.74736159,7.069324977,0.51655523,,,,0.92
MoS2,Mo,S,42,16,2.382,Armchair,2,400,3.806079294,0.046,88.13347995,6.746099902,0.516374298,,,,0.92
MoS2,Mo,S,42,16,2.382,Armchair,2,500,3.586546437,0.045,83.0618195,6.356988044,0.486520729,,,,0.92
MoS2,Mo,S,42,16,2.382,Armchair,2,600,3.214344719,0.041,81.7842212,5.697277675,0.396885517,,,,0.92
MoS2,Mo,S,42,16,2.382,Armchair,3,100,3.839209415,0.045,100.8460818,8.334170248,0.688756494,,,,0.92
MoS2,Mo,S,42,16,2.382,Armchair,3,200,3.790658443,0.046,98.39992563,8.228775615,0.688138204,,,,0.92
MoS2,Mo,S,42,16,2.382,Armchair,3,300,3.540845963,0.043,95.3574147,7.686481743,0.619584767,,,,0.92
MoS2,Mo,S,42,16,2.382,Armchair,3,400,3.135099713,0.039,89.19971862,6.805686256,0.519254614,,,,0.92
MoS2,Mo,S,42,16,2.382,Armchair,3,500,3.112493502,0.039,82.53525863,6.756612609,0.55311893,,,,0.92
MoS2,Mo,S,42,16,2.382,Armchair,3,600,2.943455847,0.039,83.14223188,6.389665031,0.491059938,,,,0.92
MoS2,Mo,S,42,16,2.382,Armchair,4,100,3.434145027,0.041,99.99579622,8.608125024,0.741029316,,,,0.92
MoS2,Mo,S,42,16,2.382,Armchair,4,200,3.191456836,0.038,96.03571222,7.999795942,0.666384761,,,,0.92
MoS2,Mo,S,42,16,2.382,Armchair,4,300,3.108224809,0.039,93.9748997,7.79116419,0.645940987,,,,0.92
MoS2,Mo,S,42,16,2.382,Armchair,4,400,2.878801674,0.037,90.08102325,7.216085673,0.578056183,,,,0.92
MoS2,Mo,S,42,16,2.382,Armchair,4,500,2.691208468,0.035,80.17063965,6.745859239,0.567621976,,,,0.92
MoS2,Mo,S,42,16,2.382,Armchair,4,600,2.423707872,0.032,74.38744568,6.075334681,0.49618173,,,,0.92
MoS2,Mo,S,42,16,2.382,Armchair,5,100,3.172670556,0.037,96.87383456,8.891395299,0.816081151,,,,0.92
MoS2,Mo,S,42,16,2.382,Armchair,5,200,3.028659754,0.037,94.32777926,8.487805659,0.763750037,,,,0.92
MoS2,Mo,S,42,16,2.382,Armchair,5,300,2.928404483,0.037,91.4924874,8.206840703,0.736150434,,,,0.92
MoS2,Mo,S,42,16,2.382,Armchair,5,400,2.684972652,0.035,87.96339727,7.524624065,0.64367645,,,,0.92
MoS2,Mo,S,42,16,2.382,Armchair,5,500,2.378536586,0.032,78.52249418,6.665838336,0.565868433,,,,0.92
MoS2,Mo,S,42,16,2.382,Armchair,5,600,2.090916117,0.029,76.48192557,5.859783235,0.448956525,,,,0.92
MoS2,Mo,S,42,16,2.382,Zigzag,1,100,5.833206817,0.069,103.1973925,7.31084057,0.51792384,,,,0.92
MoS2,Mo,S,42,16,2.382,Zigzag,1,200,5.505082364,0.067,101.4804234,6.899597554,0.469099801,,,,0.92
MoS2,Mo,S,42,16,2.382,Zigzag,1,300,5.2200006,0.064,98.72220351,6.542300549,0.43355694,,,,0.92
MoS2,Mo,S,42,16,2.382,Zigzag,1,400,4.863467226,0.06,95.22506686,6.095452231,0.390176023,,,,0.92
MoS2,Mo,S,42,16,2.382,Zigzag,1,500,4.23254078,0.053,91.73322869,5.304703196,0.306757719,,,,0.92
MoS2,Mo,S,42,16,2.382,Zigzag,1,600,4.204575243,0.054,90.19936006,5.269653593,0.307865255,,,,0.92
MoS2,Mo,S,42,16,2.382,Zigzag,2,100,4.554941016,0.052,102.4787465,8.073422744,0.636035832,,,,0.92
MoS2,Mo,S,42,16,2.382,Zigzag,2,200,4.339557375,0.051,99.9327877,7.691665181,0.592015039,,,,0.92
MoS2,Mo,S,42,16,2.382,Zigzag,2,300,3.744773914,0.044,97.77597958,6.637438945,0.450576879,,,,0.92
MoS2,Mo,S,42,16,2.382,Zigzag,2,400,3.735710836,0.045,92.98768767,6.621375057,0.471488309,,,,0.92
MoS2,Mo,S,42,16,2.382,Zigzag,2,500,3.683195997,0.046,90.73398558,6.528294929,0.469709717,,,,0.92
MoS2,Mo,S,42,16,2.382,Zigzag,2,600,3.224281577,0.041,88.74953121,5.714890298,0.368001618,,,,0.92
MoS2,Mo,S,42,16,2.382,Zigzag,3,100,4.009758002,0.045,101.6229223,8.704397762,0.745565456,,,,0.92
MoS2,Mo,S,42,16,2.382,Zigzag,3,200,3.655187755,0.042,99.36611614,7.934695335,0.633610254,,,,0.92
MoS2,Mo,S,42,16,2.382,Zigzag,3,300,3.448044749,0.041,95.90801063,7.485028518,0.584160296,,,,0.92
MoS2,Mo,S,42,16,2.382,Zigzag,3,400,3.280376535,0.039,92.43428416,7.121053728,0.548599545,,,,0.92
MoS2,Mo,S,42,16,2.382,Zigzag,3,500,3.170718255,0.039,86.96634893,6.883007122,0.544759986,,,,0.92
MoS2,Mo,S,42,16,2.382,Zigzag,3,600,3.046038383,0.039,88.70715795,6.612351586,0.492893635,,,,0.92
MoS2,Mo,S,42,16,2.382,Zigzag,4,100,3.354191095,0.038,99.66860253,8.407710237,0.709246339,,,,0.92
MoS2,Mo,S,42,16,2.382,Zigzag,4,200,3.292475656,0.039,97.79980529,8.253012573,0.696445318,,,,0.92
MoS2,Mo,S,42,16,2.382,Zigzag,4,300,3.247475458,0.039,95.35863484,8.140213804,0.694882859,,,,0.92
MoS2,Mo,S,42,16,2.382,Zigzag,4,400,3.039293113,0.036,90.82088615,7.618378052,0.639056572,,,,0.92
MoS2,Mo,S,42,16,2.382,Zigzag,4,500,2.715735345,0.034,87.35610999,6.807339002,0.530470786,,,,0.92
MoS2,Mo,S,42,16,2.382,Zigzag,4,600,2.565165058,0.033,88.6286901,6.429915263,0.466483373,,,,0.92
MoS2,Mo,S,42,16,2.382,Zigzag,5,100,3.339830382,0.038,97.9157853,9.359859978,0.894717624,,,,0.92
MoS2,Mo,S,42,16,2.382,Zigzag,5,200,3.006992652,0.035,94.69282282,8.427083701,0.749959053,,,,0.92
MoS2,Mo,S,42,16,2.382,Zigzag,5,300,2.792886354,0.034,93.82305289,7.827051741,0.652960409,,,,0.92
MoS2,Mo,S,42,16,2.382,Zigzag,5,400,2.693400416,0.033,90.0444131,7.548242837,0.632754082,,,,0.92
MoS2,Mo,S,42,16,2.382,Zigzag,5,500,2.527065056,0.031,85.80269764,7.082088721,0.58455016,,,,0.92
MoS2,Mo,S,42,16,2.382,Zigzag,5,600,2.429500846,0.031,86.12714115,6.808665451,0.538249901,,,,0.92
MoSe2,Mo,Se,42,34,2.528,Armchair,1,100,7.856954054,0.092,108.0430231,9.847231592,0.897494047,,,,0.73
MoSe2,Mo,Se,42,34,2.528,Armchair,1,200,7.565520824,0.089,106.2874187,9.481974205,0.845893483,,,,0.73
MoSe2,Mo,Se,42,34,2.528,Armchair,1,300,7.107701879,0.083,104.166671,8.908183249,0.761814965,,,,0.73
MoSe2,Mo,Se,42,34,2.528,Armchair,1,400,7.112046375,0.084,102.7935297,8.913628267,0.772935506,,,,0.73
MoSe2,Mo,Se,42,34,2.528,Armchair,1,500,6.881103407,0.082,101.36909,8.62418418,0.733720237,,,,0.73
MoSe2,Mo,Se,42,34,2.528,Armchair,1,600,6.522443994,0.077,102.3298685,8.174671268,0.653037586,,,,0.73
MoSe2,Mo,Se,42,34,2.528,Armchair,2,100,6.200320594,0.069,107.0935068,10.98978211,1.127755683,,,,0.73
MoSe2,Mo,Se,42,34,2.528,Armchair,2,200,5.826341951,0.065,105.0888889,10.32692223,1.014810641,,,,0.73
MoSe2,Mo,Se,42,34,2.528,Armchair,2,300,5.705224423,0.065,102.4078197,10.112247,0.998532531,,,,0.73
MoSe2,Mo,Se,42,34,2.528,Armchair,2,400,5.484153614,0.062,101.1839159,9.720409192,0.933808047,,,,0.73
MoSe2,Mo,Se,42,34,2.528,Armchair,2,500,5.368966238,0.062,98.84937313,9.516244884,0.91613041,,,,0.73
MoSe2,Mo,Se,42,34,2.528,Armchair,2,600,5.051214837,0.058,99.30541407,8.95304519,0.807176718,,,,0.73
MoSe2,Mo,Se,42,34,2.528,Armchair,3,100,5.262698895,0.058,105.737922,11.42428657,1.234318976,,,,0.73
MoSe2,Mo,Se,42,34,2.528,Armchair,3,200,5.143070917,0.057,103.1703509,11.1645977,1.208178908,,,,0.73
MoSe2,Mo,Se,42,34,2.528,Armchair,3,300,4.754174705,0.053,99.75300324,10.32038034,1.067739787,,,,0.73
MoSe2,Mo,Se,42,34,2.528,Armchair,3,400,4.864776037,0.055,97.78498119,10.56047413,1.140498393,,,,0.73
MoSe2,Mo,Se,42,34,2.528,Armchair,3,500,4.412868617,0.051,95.67318414,9.579471802,0.959164063,,,,0.73
MoSe2,Mo,Se,42,34,2.528,Armchair,3,600,4.138410706,0.048,93.97009735,8.983677536,0.858852596,,,,0.73
MoSe2,Mo,Se,42,34,2.528,Armchair,4,100,4.704671807,0.052,103.7021337,11.79286337,1.34106813,,,,0.73
MoSe2,Mo,Se,42,34,2.528,Armchair,4,200,4.441795757,0.049,100.7921615,11.13393083,1.229901353,,,,0.73
MoSe2,Mo,Se,42,34,2.528,Armchair,4,300,4.332138777,0.049,97.5929933,10.85906155,1.208275448,,,,0.73
MoSe2,Mo,Se,42,34,2.528,Armchair,4,400,4.029846778,0.047,96.45736154,10.10132788,1.057843831,,,,0.73
MoSe2,Mo,Se,42,34,2.528,Armchair,4,500,3.963621531,0.046,94.84955646,9.9353258,1.040708069,,,,0.73
MoSe2,Mo,Se,42,34,2.528,Armchair,4,600,3.952890945,0.046,95.14572241,9.908428209,1.031858786,,,,0.73
MoSe2,Mo,Se,42,34,2.528,Armchair,5,100,4.268857671,0.048,101.8812768,11.96345488,1.404814084,,,,0.73
MoSe2,Mo,Se,42,34,2.528,Armchair,5,200,4.076289558,0.047,99.10231472,11.42378358,1.316849478,,,,0.73
MoSe2,Mo,Se,42,34,2.528,Armchair,5,300,3.974792425,0.046,95.95132763,11.13933831,1.293206266,,,,0.73
MoSe2,Mo,Se,42,34,2.528,Armchair,5,400,3.705007408,0.043,92.68930939,10.38326699,1.163157155,,,,0.73
MoSe2,Mo,Se,42,34,2.528,Armchair,5,500,3.541378909,0.042,92.12208513,9.924698839,1.069229457,,,,0.73
MoSe2,Mo,Se,42,34,2.528,Armchair,5,600,3.564878871,0.043,95.09162377,9.99055738,1.049632268,,,,0.73
MoSe2,Mo,Se,42,34,2.528,Zigzag,1,100,7.763481272,0.087,108.4375681,9.730080833,0.873078165,,,,0.73
MoSe2,Mo,Se,42,34,2.528,Zigzag,1,200,7.629016908,0.086,106.8015407,9.561554745,0.856011332,,,,0.73
MoSe2,Mo,Se,42,34,2.528,Zigzag,1,300,7.33918896,0.083,105.1109197,9.19830928,0.804948657,,,,0.73
MoSe2,Mo,Se,42,34,2.528,Zigzag,1,400,7.136598856,0.082,103.7667989,8.944400239,0.770981629,,,,0.73
MoSe2,Mo,Se,42,34,2.528,Zigzag,1,500,6.326258006,0.072,101.9584182,7.928788595,0.616581639,,,,0.73
MoSe2,Mo,Se,42,34,2.528,Zigzag,1,600,6.680125002,0.077,102.4380456,8.372295104,0.684270428,,,,0.73
MoSe2,Mo,Se,42,34,2.528,Zigzag,2,100,5.885054628,0.063,106.962341,10.43098774,1.017231898,,,,0.73
MoSe2,Mo,Se,42,34,2.528,Zigzag,2,200,5.781361055,0.063,105.2628398,10.24719567,0.997550695,,,,0.73
MoSe2,Mo,Se,42,34,2.528,Zigzag,2,300,5.623462726,0.062,103.0556109,9.967328164,0.964019619,,,,0.73
MoSe2,Mo,Se,42,34,2.528,Zigzag,2,400,5.029667755,0.056,100.5183504,8.914853981,0.790647889,,,,0.73
MoSe2,Mo,Se,42,34,2.528,Zigzag,2,500,4.953027299,0.056,99.37497757,8.77901231,0.775557983,,,,0.73
MoSe2,Mo,Se,42,34,2.528,Zigzag,2,600,4.853233082,0.054,100.5745759,8.602131666,0.735739311,,,,0.73
MoSe2,Mo,Se,42,34,2.528,Zigzag,3,100,5.418415636,0.058,106.0029439,11.76231706,1.305172266,,,,0.73
MoSe2,Mo,Se,42,34,2.528,Zigzag,3,200,5.118862008,0.055,103.7309067,11.11204491,1.190364049,,,,0.73
MoSe2,Mo,Se,42,34,2.528,Zigzag,3,300,5.041741319,0.055,101.6669256,10.94463103,1.178209606,,,,0.73
MoSe2,Mo,Se,42,34,2.528,Zigzag,3,400,4.980707852,0.055,100.2043142,10.81213935,1.166639962,,,,0.73
MoSe2,Mo,Se,42,34,2.528,Zigzag,3,500,4.664173646,0.052,98.87757172,10.12500571,1.036794682,,,,0.73
MoSe2,Mo,Se,42,34,2.528,Zigzag,3,600,4.372587572,0.05,98.97971948,9.492029558,0.910273596,,,,0.73
MoSe2,Mo,Se,42,34,2.528,Zigzag,4,100,4.669343545,0.05,103.8324583,11.70430855,1.319345039,,,,0.73
MoSe2,Mo,Se,42,34,2.528,Zigzag,4,200,4.575882745,0.05,101.5100217,11.47003707,1.296046914,,,,0.73
MoSe2,Mo,Se,42,34,2.528,Zigzag,4,300,4.303381701,0.048,98.75608227,10.78697825,1.178245401,,,,0.73
MoSe2,Mo,Se,42,34,2.528,Zigzag,4,400,3.960944797,0.045,96.52379701,9.928616222,1.021275822,,,,0.73
MoSe2,Mo,Se,42,34,2.528,Zigzag,4,500,3.790702712,0.043,96.14971997,9.501882599,0.939012334,,,,0.73
MoSe2,Mo,Se,42,34,2.528,Zigzag,4,600,3.910260996,0.045,95.10469165,9.801570774,1.010158258,,,,0.73
MoSe2,Mo,Se,42,34,2.528,Zigzag,5,100,4.508454194,0.049,102.6351709,12.63492308,1.555424713,,,,0.73
MoSe2,Mo,Se,42,34,2.528,Zigzag,5,200,4.13638358,0.045,99.6442375,11.59219682,1.348588041,,,,0.73
MoSe2,Mo,Se,42,34,2.528,Zigzag,5,300,4.060241783,0.045,96.78393584,11.37880977,1.337797544,,,,0.73
MoSe2,Mo,Se,42,34,2.528,Zigzag,5,400,3.913691032,0.044,95.03872647,10.96810193,1.265792003,,,,0.73
MoSe2,Mo,Se,42,34,2.528,Zigzag,5,500,3.863008192,0.044,95.40527559,10.82606349,1.228481863,,,,0.73
MoSe2,Mo,Se,42,34,2.528,Zigzag,5,600,3.681291482,0.042,92.97271237,10.31680321,1.144813632,,,,0.73
WS2,W,S,74,16,2.39,Armchair,1,100,8.450087108,0.084,127.1314323,10.59061363,0.88224521,,,,1.07
WS2,W,S,74,16,2.39,Armchair,1,200,8.121971059,0.081,125.7566379,10.17938115,0.823970825,,,,1.07
WS2,W,S,74,16,2.39,Armchair,1,300,8.185500297,0.083,124.2269244,10.25900324,0.847216882,,,,1.07
WS2,W,S,74,16,2.39,Armchair,1,400,7.539844693,0.076,122.4202481,9.449793947,0.729443103,,,,1.07
WS2,W,S,74,16,2.39,Armchair,1,500,7.217429685,0.074,120.3341184,9.045706659,0.679980126,,,,1.07
WS2,W,S,74,16,2.39,Armchair,1,600,6.494834226,0.066,116.2657734,8.140067555,0.569907186,,,,1.07
WS2,W,S,74,16,2.39,Armchair,2,100,6.804463683,0.065,126.5321838,12.06059786,1.149573305,,,,1.07
WS2,W,S,74,16,2.39,Armchair,2,200,6.422818026,0.061,124.3746873,11.38414854,1.042003328,,,,1.07
WS2,W,S,74,16,2.39,Armchair,2,300,6.3038366,0.061,123.138942,11.17325946,1.013828159,,,,1.07
WS2,W,S,74,16,2.39,Armchair,2,400,5.868509616,0.057,120.5692249,10.40166247,0.897364831,,,,1.07
WS2,W,S,74,16,2.39,Armchair,2,500,5.664173332,0.056,118.2694045,10.03948583,0.852217666,,,,1.07
WS2,W,S,74,16,2.39,Armchair,2,600,5.274955795,0.052,113.755088,9.349615712,0.768451904,,,,1.07
WS2,W,S,74,16,2.39,Armchair,3,100,5.605988801,0.053,125.5510815,12.16950159,1.179573821,,,,1.07
WS2,W,S,74,16,2.39,Armchair,3,200,5.269456814,0.05,122.8234512,11.43895668,1.065348097,,,,1.07
WS2,W,S,74,16,2.39,Armchair,3,300,4.999611801,0.048,122.3238068,10.85317611,0.962947727,,,,1.07
WS2,W,S,74,16,2.39,Armchair,3,400,5.023157098,0.049,118.8655483,10.90428833,1.000319317,,,,1.07
WS2,W,S,74,16,2.39,Armchair,3,500,4.772241782,0.048,117.1573356,10.35960042,0.916044397,,,,1.07
WS2,W,S,74,16,2.39,Armchair,3,600,4.56027486,0.046,112.2687745,9.899461829,0.872899388,,,,1.07
WS2,W,S,74,16,2.39,Armchair,4,100,5.108678699,0.048,123.0882343,12.80555847,1.332233976,,,,1.07
WS2,W,S,74,16,2.39,Armchair,4,200,4.825956434,0.046,120.9469384,12.09687885,1.209906425,,,,1.07
WS2,W,S,74,16,2.39,Armchair,4,300,4.700405439,0.045,119.41251,11.78216918,1.162520665,,,,1.07
WS2,W,S,74,16,2.39,Armchair,4,400,4.587594348,0.045,116.6865311,11.49939371,1.133258949,,,,1.07
WS2,W,S,74,16,2.39,Armchair,4,500,4.212415915,0.043,115.7421505,10.55896084,0.963276157,,,,1.07
WS2,W,S,74,16,2.39,Armchair,4,600,4.271494136,0.043,109.1627914,10.70704798,1.050182712,,,,1.07
WS2,W,S,74,16,2.39,Armchair,5,100,4.566223764,0.043,120.0922376,12.79682204,1.363607321,,,,1.07
WS2,W,S,74,16,2.39,Armchair,5,200,4.441801896,0.042,117.3172871,12.44813031,1.320827918,,,,1.07
WS2,W,S,74,16,2.39,Armchair,5,300,4.38655042,0.043,118.0822781,12.29328829,1.279827416,,,,1.07
WS2,W,S,74,16,2.39,Armchair,5,400,4.001822489,0.041,116.140975,11.21508995,1.082979048,,,,1.07
WS2,W,S,74,16,2.39,Armchair,5,500,4.000238298,0.042,112.9303773,11.21065026,1.112886385,,,,1.07
WS2,W,S,74,16,2.39,Armchair,5,600,3.784042799,0.039,109.283317,10.60476333,1.029077523,,,,1.07
WS2,W,S,74,16,2.39,Zigzag,1,100,8.651742267,0.083,127.8291198,10.8433509,0.919808091,,,,1.07
WS2,W,S,74,16,2.39,Zigzag,1,200,8.127045123,0.078,126.3643952,10.18574055,0.821032779,,,,1.07
WS2,W,S,74,16,2.39,Zigzag,1,300,7.757451111,0.075,124.514035,9.722523147,0.759171095,,,,1.07
WS2,W,S,74,16,2.39,Zigzag,1,400,7.395170058,0.072,122.5398058,9.268471182,0.701033901,,,,1.07
WS2,W,S,74,16,2.39,Zigzag,1,500,6.786564898,0.066,119.2709689,8.50569773,0.606575888,,,,1.07
WS2,W,S,74,16,2.39,Zigzag,1,600,6.698609739,0.066,117.6262425,8.395462286,0.599218214,,,,1.07
WS2,W,S,74,16,2.39,Zigzag,2,100,6.377410934,0.058,126.4732149,11.30366657,1.010276192,,,,1.07
WS2,W,S,74,16,2.39,Zigzag,2,200,6.012643872,0.056,124.7431242,10.65713379,0.91046702,,,,1.07
WS2,W,S,74,16,2.39,Zigzag,2,300,5.969325255,0.055,122.9003979,10.58035354,0.910850435,,,,1.07
WS2,W,S,74,16,2.39,Zigzag,2,400,5.830022008,0.055,119.8470321,10.33344496,0.890969787,,,,1.07
WS2,W,S,74,16,2.39,Zigzag,2,500,5.429472944,0.052,116.5831481,9.623490228,0.794382084,,,,1.07
WS2,W,S,74,16,2.39,Zigzag,2,600,5.346838087,0.052,112.6537446,9.477023757,0.797256936,,,,1.07
WS2,W,S,74,16,2.39,Zigzag,3,100,5.59635715,0.051,125.2397598,12.14859316,1.178446175,,,,1.07
WS2,W,S,74,16,2.39,Zigzag,3,200,5.456139021,0.05,123.1637154,11.84420712,1.139014375,,,,1.07
WS2,W,S,74,16,2.39,Zigzag,3,300,5.274291963,0.049,121.1820323,11.44945284,1.081760785,,,,1.07
WS2,W,S,74,16,2.39,Zigzag,3,400,4.973226744,0.047,118.041289,10.79589933,0.987378598,,,,1.07
WS2,W,S,74,16,2.39,Zigzag,3,500,4.794036373,0.046,115.1614492,10.4069122,0.940452055,,,,1.07
WS2,W,S,74,16,2.39,Zigzag,3,600,4.61618433,0.045,109.5171924,10.02083032,0.916906634,,,,1.07
WS2,W,S,74,16,2.39,Zigzag,4,100,5.094139591,0.046,123.4379361,12.76911433,1.320909001,,,,1.07
WS2,W,S,74,16,2.39,Zigzag,4,200,4.855051593,0.045,121.0739062,12.1698096,1.223255037,,,,1.07
WS2,W,S,74,16,2.39,Zigzag,4,300,4.491598416,0.042,119.0439448,11.25876759,1.064815584,,,,1.07
WS2,W,S,74,16,2.39,Zigzag,4,400,4.333363801,0.041,116.0062777,10.86213223,1.017064929,,,,1.07
WS2,W,S,74,16,2.39,Zigzag,4,500,4.278948473,0.042,112.0625311,10.72573323,1.026581786,,,,1.07
WS2,W,S,74,16,2.39,Zigzag,4,600,4.283133164,0.042,111.9569582,10.73622269,1.029560642,,,,1.07
WS2,W,S,74,16,2.39,Zigzag,5,100,4.630931645,0.042,121.0677539,12.9781656,1.391227448,,,,1.07
WS2,W,S,74,16,2.39,Zigzag,5,200,4.541449197,0.042,118.8146222,12.72739143,1.36335486,,,,1.07
WS2,W,S,74,16,2.39,Zigzag,5,300,4.264199647,0.04,116.008584,11.95040078,1.231047514,,,,1.07
WS2,W,S,74,16,2.39,Zigzag,5,400,4.265094257,0.041,112.234242,11.95290792,1.272980556,,,,1.07
WS2,W,S,74,16,2.39,Zigzag,5,500,4.144906624,0.04,111.3469407,11.61608261,1.211828312,,,,1.07
WS2,W,S,74,16,2.39,Zigzag,5,600,3.73292088,0.038,111.1434021,10.46149437,0.984699608,,,,1.07
WSe2,W,Se,74,34,2.51,Armchair,1,100,10.14638715,0.099,128.8170025,12.71661046,1.255363643,,,,0.83
WSe2,W,Se,74,34,2.51,Armchair,1,200,9.959129649,0.097,127.6286105,12.48191798,1.220715919,,,,0.83
WSe2,W,Se,74,34,2.51,Armchair,1,300,9.184318566,0.088,126.106431,11.5108363,1.05069465,,,,0.83
WSe2,W,Se,74,34,2.51,Armchair,1,400,9.251236446,0.09,124.8771521,11.59470543,1.076555572,,,,0.83
WSe2,W,Se,74,34,2.51,Armchair,1,500,8.62096288,0.083,122.8737082,10.80477465,0.950106878,,,,0.83
WSe2,W,Se,74,34,2.51,Armchair,1,600,8.696001368,0.085,121.1682284,10.89882145,0.980325541,,,,0.83
WSe2,W,Se,74,34,2.51,Armchair,2,100,7.822212134,0.072,127.70605,13.86451002,1.50521168,,,,0.83
WSe2,W,Se,74,34,2.51,Armchair,2,200,7.835832206,0.073,126.4492116,13.88865097,1.525471162,,,,0.83
WSe2,W,Se,74,34,2.51,Armchair,2,300,7.228411273,0.068,125.002776,12.8120254,1.313154796,,,,0.83
WSe2,W,Se,74,34,2.51,Armchair,2,400,7.169043041,0.067,123.0592554,12.70679795,1.312072899,,,,0.83
WSe2,W,Se,74,34,2.51,Armchair,2,500,7.440520525,0.071,121.0056003,13.18797926,1.437311963,,,,0.83
WSe2,W,Se,74,34,2.51,Armchair,2,600,6.950614316,0.066,117.9894919,12.31964311,1.286331553,,,,0.83
WSe2,W,Se,74,34,2.51,Armchair,3,100,6.760605397,0.062,126.3177246,14.67594764,1.705092772,,,,0.83
WSe2,W,Se,74,34,2.51,Armchair,3,200,6.74983966,0.062,124.8350958,14.65257734,1.719853069,,,,0.83
WSe2,W,Se,74,34,2.51,Armchair,3,300,6.427937024,0.06,123.2930824,13.95378988,1.579230954,,,,0.83
WSe2,W,Se,74,34,2.51,Armchair,3,400,6.342513813,0.059,121.1216422,13.76835286,1.56510048,,,,0.83
WSe2,W,Se,74,34,2.51,Armchair,3,500,6.142824839,0.058,118.461648,13.33486728,1.501065437,,,,0.83
WSe2,W,Se,74,34,2.51,Armchair,3,600,5.863166218,0.056,116.4502079,12.72778329,1.391122184,,,,0.83
WSe2,W,Se,74,34,2.51,Armchair,4,100,6.114370419,0.056,124.6499812,15.32645377,1.884478305,,,,0.83
WSe2,W,Se,74,34,2.51,Armchair,4,200,5.833248907,0.053,122.1601534,14.62178664,1.750134055,,,,0.83
WSe2,W,Se,74,34,2.51,Armchair,4,300,5.689517679,0.053,120.7199754,14.26150588,1.68481272,,,,0.83
WSe2,W,Se,74,34,2.51,Armchair,4,400,5.860590177,0.055,119.1849662,14.69032104,1.810677464,,,,0.83
WSe2,W,Se,74,34,2.51,Armchair,4,500,5.412754879,0.052,116.1114148,13.56776442,1.585410287,,,,0.83
WSe2,W,Se,74,34,2.51,Armchair,4,600,5.221638632,0.05,112.290188,13.08870703,1.525638659,,,,0.83
WSe2,W,Se,74,34,2.51,Armchair,5,100,5.5100444,0.052,122.719685,15.44187523,1.943058367,,,,0.83
WSe2,W,Se,74,34,2.51,Armchair,5,200,5.453252243,0.051,120.1229685,15.28271546,1.944352481,,,,0.83
WSe2,W,Se,74,34,2.51,Armchair,5,300,5.246475243,0.05,118.8149297,14.70322383,1.819508638,,,,0.83
WSe2,W,Se,74,34,2.51,Armchair,5,400,5.037775271,0.047,115.6859262,14.11834307,1.723006572,,,,0.83
WSe2,W,Se,74,34,2.51,Armchair,5,500,4.86590028,0.047,113.5878961,13.63666416,1.637134025,,,,0.83
WSe2,W,Se,74,34,2.51,Armchair,5,600,4.860990079,0.047,110.380748,13.62290335,1.681303117,,,,0.83
WSe2,W,Se,74,34,2.51,Zigzag,1,100,10.32604232,0.097,129.4554864,12.94177482,1.29380021,,,,0.83
WSe2,W,Se,74,34,2.51,Zigzag,1,200,10.16097138,0.095,128.0678576,12.73488908,1.266339602,,,,0.83
WSe2,W,Se,74,34,2.51,Zigzag,1,300,10.14648143,0.096,126.9572946,12.71672862,1.273776251,,,,0.83
WSe2,W,Se,74,34,2.51,Zigzag,1,400,9.206648038,0.086,124.9734703,11.53882214,1.065381446,,,,0.83
WSe2,W,Se,74,34,2.51,Zigzag,1,500,9.557688117,0.091,123.8530767,11.97878564,1.158560685,,,,0.83
WSe2,W,Se,74,34,2.51,Zigzag,1,600,8.804749381,0.083,122.073184,11.03511687,0.99754754,,,,0.83
WSe2,W,Se,74,34,2.51,Zigzag,2,100,8.43294049,0.076,128.3394153,14.94699785,1.74079603,,,,0.83
WSe2,W,Se,74,34,2.51,Zigzag,2,200,8.014922612,0.072,126.8712268,14.20608045,1.590689448,,,,0.83
WSe2,W,Se,74,34,2.51,Zigzag,2,300,7.997802983,0.073,125.3313142,14.1757367,1.603362353,,,,0.83
WSe2,W,Se,74,34,2.51,Zigzag,2,400,7.68479871,0.07,123.2423374,13.62095107,1.505410494,,,,0.83
WSe2,W,Se,74,34,2.51,Zigzag,2,500,7.191723748,0.066,121.1542341,12.74699845,1.34114974,,,,0.83
WSe2,W,Se,74,34,2.51,Zigzag,2,600,7.000801027,0.065,119.7538304,12.40859674,1.28574821,,,,0.83
WSe2,W,Se,74,34,2.51,Zigzag,3,100,7.254295112,0.065,127.0713898,15.74765113,1.951568457,,,,0.83
WSe2,W,Se,74,34,2.51,Zigzag,3,200,6.981111254,0.062,125.6136628,15.15462258,1.828324886,,,,0.83
WSe2,W,Se,74,34,2.51,Zigzag,3,300,6.697453828,0.06,124.1402708,14.53885798,1.702738281,,,,0.83
WSe2,W,Se,74,34,2.51,Zigzag,3,400,6.633747194,0.06,121.6970869,14.40056338,1.704036069,,,,0.83
WSe2,W,Se,74,34,2.51,Zigzag,3,500,6.622862667,0.061,120.1528262,14.3769352,1.720278019,,,,0.83
WSe2,W,Se,74,34,2.51,Zigzag,3,600,6.423150057,0.059,117.8191229,13.94339832,1.650142624,,,,0.83
WSe2,W,Se,74,34,2.51,Zigzag,4,100,6.220571536,0.055,125.4127913,15.5926605,1.93864644,,,,0.83
WSe2,W,Se,74,34,2.51,Zigzag,4,200,6.150068436,0.055,123.9299285,15.41593543,1.917624485,,,,0.83
WSe2,W,Se,74,34,2.51,Zigzag,4,300,6.118116313,0.055,122.4717916,15.33584334,1.920344986,,,,0.83
WSe2,W,Se,74,34,2.51,Zigzag,4,400,5.671952079,0.052,119.9371263,14.21747545,1.685354773,,,,0.83
WSe2,W,Se,74,34,2.51,Zigzag,4,500,5.631351866,0.052,117.3509987,14.11570581,1.697924626,,,,0.83
WSe2,W,Se,74,34,2.51,Zigzag,4,600,5.488451027,0.052,115.9146989,13.75750653,1.632829897,,,,0.83
WSe2,W,Se,74,34,2.51,Zigzag,5,100,5.834114747,0.052,123.4155732,16.35008096,2.166056846,,,,0.83
WSe2,W,Se,74,34,2.51,Zigzag,5,200,5.634741121,0.051,121.8445949,15.79133724,2.046593303,,,,0.83
WSe2,W,Se,74,34,2.51,Zigzag,5,300,5.41081686,0.049,120.2585294,15.16379049,1.912051836,,,,0.83
WSe2,W,Se,74,34,2.51,Zigzag,5,400,5.149398898,0.047,117.5550433,14.4311678,1.771583746,,,,0.83
WSe2,W,Se,74,34,2.51,Zigzag,5,500,5.129334259,0.047,115.7398142,14.37493673,1.785373577,,,,0.83
WSe2,W,Se,74,34,2.51,Zigzag,5,600,4.998380371,0.047,112.965737,14.00793904,1.73700771,,,,0.83
MoS2,Mo,S,42,16,2.382,Armchair,1,100,5.886003623,0.073,102.9769741,7.377011553,0.528470563,,,,0.92
MoS2,Mo,S,42,16,2.382,Armchair,1,200,5.522436252,0.069,100.8757379,6.921347427,0.474891695,,,,0.92
MoS2,Mo,S,42,16,2.382,Armchair,1,300,5.014500758,0.063,97.25874059,6.284744692,0.406112763,,,,0.92
MoS2,Mo,S,42,16,2.382,Armchair,1,400,4.851450222,0.062,93.84584915,6.08039115,0.393956226,,,,0.92
MoS2,Mo,S,42,16,2.382,Armchair,1,500,4.627308026,0.06,91.57200046,5.799470567,0.367294137,,,,0.92
MoS2,Mo,S,42,16,2.382,Armchair,1,600,4.112672082,0.053,87.15050199,5.154470063,0.304858389,,,,0.92
MoS2,Mo,S,42,16,2.382,Armchair,2,100,4.60577759,0.054,102.6529538,8.163528226,0.649208723,,,,0.92
MoS2,Mo,S,42,16,2.382,Armchair,2,200,4.21569876,0.05,99.32792327,7.472131501,0.56210527,,,,0.92
MoS2,Mo,S,42,16,2.382,Armchair,2,300,3.857044266,0.047,95.06330891,6.836432962,0.491638848,,,,0.92
MoS2,Mo,S,42,16,2.382,Armchair,2,400,3.871685504,0.048,90.03234463,6.862383881,0.523059937,,,,0.92
MoS2,Mo,S,42,16,2.382,Armchair,2,500,3.59866266,0.046,89.37407,6.37846349,0.455219243,,,,0.92
MoS2,Mo,S,42,16,2.382,Armchair,2,600,3.282649056,0.041,83.78265752,5.81834396,0.404058876,,,,0.92
MoS2,Mo,S,42,16,2.382,Armchair,3,100,3.853197656,0.045,101.5280244,8.364535974,0.689124628,,,,0.92
MoS2,Mo,S,42,16,2.382,Armchair,3,200,3.66031416,0.043,99.18669139,7.945823755,0.636538171,,,,0.92
MoS2,Mo,S,42,16,2.382,Armchair,3,300,3.416521817,0.041,93.58643231,7.416598419,0.587755412,,,,0.92
MoS2,Mo,S,42,16,2.382,Armchair,3,400,3.345940895,0.041,88.52266784,7.263381088,0.595968311,,,,0.92
MoS2,Mo,S,42,16,2.382,Armchair,3,500,3.07476871,0.039,87.23740019,6.674719488,0.510697019,,,,0.92
MoS2,Mo,S,42,16,2.382,Armchair,3,600,2.911342282,0.037,80.1645654,6.319952783,0.498247611,,,,0.92
MoS2,Mo,S,42,16,2.382,Armchair,4,100,3.475970182,0.04,99.17784231,8.71296514,0.765450828,,,,0.92
MoS2,Mo,S,42,16,2.382,Armchair,4,200,3.33026786,0.04,97.13682434,8.34774358,0.717388316,,,,0.92
MoS2,Mo,S,42,16,2.382,Armchair,4,300,3.070615864,0.038,94.27824029,7.696892545,0.628375696,,,,0.92
MoS2,Mo,S,42,16,2.382,Armchair,4,400,2.941724795,0.037,88.60237972,7.373810547,0.613675188,,,,0.92
MoS2,Mo,S,42,16,2.382,Armchair,4,500,2.880938222,0.036,84.53111488,7.221441205,0.616923285,,,,0.92
MoS2,Mo,S,42,16,2.382,Armchair,4,600,2.658388492,0.034,79.28206824,6.663591759,0.560069334,,,,0.92
MoS2,Mo,S,42,16,2.382,Armchair,5,100,3.137704484,0.037,97.71661969,8.793403036,0.791307939,,,,0.92
MoS2,Mo,S,42,16,2.382,Armchair,5,200,3.006546521,0.037,96.82850637,8.425833421,0.733200082,,,,0.92
MoS2,Mo,S,42,16,2.382,Armchair,5,300,2.81278674,0.036,91.36106536,7.882822486,0.680146298,,,,0.92
MoS2,Mo,S,42,16,2.382,Armchair,5,400,2.620489448,0.034,85.24369357,7.343910169,0.63269216,,,,0.92
MoS2,Mo,S,42,16,2.382,Armchair,5,500,2.640706744,0.035,83.70812616,7.400569053,0.654278441,,,,0.92
MoS2,Mo,S,42,16,2.382,Armchair,5,600,2.318173596,0.031,76.10232342,6.496671322,0.554605121,,,,0.92
MoS2,Mo,S,42,16,2.382,Zigzag,1,100,5.868641774,0.07,103.3443118,7.355251702,0.523490134,,,,0.92
MoS2,Mo,S,42,16,2.382,Zigzag,1,200,5.533113187,0.067,101.4464046,6.934728981,0.474048008,,,,0.92
MoS2,Mo,S,42,16,2.382,Zigzag,1,300,5.458191745,0.068,99.11946322,6.840828878,0.472126646,,,,0.92
MoS2,Mo,S,42,16,2.382,Zigzag,1,400,4.910130441,0.061,95.9891691,6.153935898,0.394533335,,,,0.92
MoS2,Mo,S,42,16,2.382,Zigzag,1,500,4.602544126,0.058,91.80424237,5.768433621,0.362454126,,,,0.92
MoS2,Mo,S,42,16,2.382,Zigzag,1,600,4.213070891,0.053,89.7766921,5.280301309,0.31056593,,,,0.92
MoS2,Mo,S,42,16,2.382,Zigzag,2,100,4.531362668,0.052,102.6860043,8.031631211,0.628197585,,,,0.92
MoS2,Mo,S,42,16,2.382,Zigzag,2,200,4.128045836,0.048,100.1205034,7.316770739,0.534707,,,,0.92
MoS2,Mo,S,42,16,2.382,Zigzag,2,300,3.795531468,0.045,97.71152842,6.727404367,0.463179425,,,,0.92
MoS2,Mo,S,42,16,2.382,Zigzag,2,400,3.809447564,0.047,94.09231489,6.752070005,0.484528937,,,,0.92
MoS2,Mo,S,42,16,2.382,Zigzag,2,500,3.584673984,0.044,87.68983697,6.353669207,0.460362498,,,,0.92
MoS2,Mo,S,42,16,2.382,Zigzag,2,600,3.21554348,0.041,88.17796583,5.699402424,0.368382143,,,,0.92
MoS2,Mo,S,42,16,2.382,Zigzag,3,100,3.978877652,0.045,101.4882961,8.637362582,0.735099861,,,,0.92
MoS2,Mo,S,42,16,2.382,Zigzag,3,200,3.715075416,0.043,98.69778221,8.064699695,0.658975103,,,,0.92
MoS2,Mo,S,42,16,2.382,Zigzag,3,300,3.563958253,0.042,96.18954335,7.736653989,0.622269457,,,,0.92
MoS2,Mo,S,42,16,2.382,Zigzag,3,400,3.146975229,0.038,93.86753528,6.831465671,0.49717853,,,,0.92
MoS2,Mo,S,42,16,2.382,Zigzag,3,500,2.981216934,0.036,88.28968858,6.471636941,0.474371191,,,,0.92
MoS2,Mo,S,42,16,2.382,Zigzag,3,600,2.885790389,0.036,84.28929312,6.264484638,0.465584255,,,,0.92
MoS2,Mo,S,42,16,2.382,Zigzag,4,100,3.511212115,0.04,100.2986101,8.801303566,0.772323209,,,,0.92
MoS2,Mo,S,42,16,2.382,Zigzag,4,200,3.308723333,0.039,97.39392808,8.293739459,0.706266967,,,,0.92
MoS2,Mo,S,42,16,2.382,Zigzag,4,300,3.24623739,0.039,95.53363184,8.137110428,0.69308122,,,,0.92
MoS2,Mo,S,42,16,2.382,Zigzag,4,400,2.819613265,0.034,91.45373226,7.067722334,0.546207331,,,,0.92
MoS2,Mo,S,42,16,2.382,Zigzag,4,500,2.553016414,0.031,85.74461559,6.399463129,0.477617493,,,,0.92
MoS2,Mo,S,42,16,2.382,Zigzag,4,600,2.804778786,0.036,84.2096588,7.030537809,0.586969032,,,,0.92
MoS2,Mo,S,42,16,2.382,Zigzag,5,100,3.217434727,0.037,97.98286251,9.016846692,0.829772903,,,,0.92
MoS2,Mo,S,42,16,2.382,Zigzag,5,200,2.89064828,0.034,94.08052558,8.10102911,0.697558525,,,,0.92
MoS2,Mo,S,42,16,2.382,Zigzag,5,300,2.807999493,0.035,93.65899186,7.869406247,0.661202448,,,,0.92
MoS2,Mo,S,42,16,2.382,Zigzag,5,400,2.674575887,0.033,91.97350154,7.495487177,0.610853421,,,,0.92
MoS2,Mo,S,42,16,2.382,Zigzag,5,500,2.444746092,0.031,87.33136103,6.851390186,0.537510774,,,,0.92
MoS2,Mo,S,42,16,2.382,Zigzag,5,600,2.315536473,0.03,78.92853114,6.489280796,0.53353033,,,,0.92
MoSe2,Mo,Se,42,34,2.528,Armchair,1,100,7.754047395,0.091,108.1763654,9.718257222,0.873060609,,,,0.73
MoSe2,Mo,Se,42,34,2.528,Armchair,1,200,7.472091339,0.088,106.9954859,9.36487771,0.819669482,,,,0.73
MoSe2,Mo,Se,42,34,2.528,Armchair,1,300,7.10888307,0.083,105.7959183,8.909663652,0.75033241,,,,0.73
MoSe2,Mo,Se,42,34,2.528,Armchair,1,400,7.088326212,0.084,104.2587698,8.883899451,0.756997897,,,,0.73
MoSe2,Mo,Se,42,34,2.528,Armchair,1,500,6.671977641,0.079,102.140428,8.362083901,0.684591288,,,,0.73
MoSe2,Mo,Se,42,34,2.528,Armchair,1,600,6.408677325,0.076,100.0284517,8.032085893,0.644960536,,,,0.73
MoSe2,Mo,Se,42,34,2.528,Armchair,2,100,5.996272291,0.067,107.2660098,10.62811591,1.053053508,,,,0.73
MoSe2,Mo,Se,42,34,2.528,Armchair,2,200,6.031460544,0.068,105.9095344,10.69048547,1.079095288,,,,0.73
MoSe2,Mo,Se,42,34,2.528,Armchair,2,300,5.704858455,0.065,104.6969739,10.11159834,0.976574748,,,,0.73
MoSe2,Mo,Se,42,34,2.528,Armchair,2,400,5.555145182,0.064,102.3317946,9.84623847,0.947392864,,,,0.73
MoSe2,Mo,Se,42,34,2.528,Armchair,2,500,5.163202699,0.06,100.3739921,9.151538507,0.834386033,,,,0.73
MoSe2,Mo,Se,42,34,2.528,Armchair,2,600,5.011061704,0.058,97.03568645,8.881875614,0.812976311,,,,0.73
MoSe2,Mo,Se,42,34,2.528,Armchair,3,100,5.19174944,0.058,106.1888776,11.27026922,1.196160759,,,,0.73
MoSe2,Mo,Se,42,34,2.528,Armchair,3,200,4.990305751,0.056,104.316301,10.83297451,1.124976016,,,,0.73
MoSe2,Mo,Se,42,34,2.528,Armchair,3,300,4.941757725,0.056,103.2404301,10.72758627,1.114690311,,,,0.73
MoSe2,Mo,Se,42,34,2.528,Armchair,3,400,4.599317213,0.052,100.5743635,9.984215116,0.991152696,,,,0.73
MoSe2,Mo,Se,42,34,2.528,Armchair,3,500,4.376888738,0.051,98.53675711,9.501366546,0.916165387,,,,0.73
MoSe2,Mo,Se,42,34,2.528,Armchair,3,600,4.215058964,0.049,95.46614772,9.150065863,0.876998887,,,,0.73
MoSe2,Mo,Se,42,34,2.528,Armchair,4,100,4.792715171,0.053,103.7747709,12.01355536,1.390757225,,,,0.73
MoSe2,Mo,Se,42,34,2.528,Armchair,4,200,4.456721126,0.051,102.8503026,11.17134319,1.213403417,,,,0.73
MoSe2,Mo,Se,42,34,2.528,Armchair,4,300,4.304508615,0.049,100.5481681,10.789803,1.157851516,,,,0.73
MoSe2,Mo,Se,42,34,2.528,Armchair,4,400,4.169241298,0.049,100.4965129,10.45073812,1.086783254,,,,0.73
MoSe2,Mo,Se,42,34,2.528,Armchair,4,500,3.732303791,0.043,96.28839389,9.355498212,0.908991658,,,,0.73
MoSe2,Mo,Se,42,34,2.528,Armchair,4,600,3.765001007,0.044,92.97153638,9.437457978,0.957987967,,,,0.73
MoSe2,Mo,Se,42,34,2.528,Armchair,5,100,4.369944822,0.049,101.8355796,12.24675117,1.472794821,,,,0.73
MoSe2,Mo,Se,42,34,2.528,Armchair,5,200,4.125297206,0.047,100.2867388,11.5611273,1.332775062,,,,0.73
MoSe2,Mo,Se,42,34,2.528,Armchair,5,300,4.045351438,0.047,99.20107297,11.33707964,1.295645005,,,,0.73
MoSe2,Mo,Se,42,34,2.528,Armchair,5,400,3.80618375,0.045,97.68371192,10.66681324,1.164788914,,,,0.73
MoSe2,Mo,Se,42,34,2.528,Armchair,5,500,3.481757977,0.042,97.21792429,9.757611439,0.979356242,,,,0.73
MoSe2,Mo,Se,42,34,2.528,Armchair,5,600,3.478368331,0.042,93.16568592,9.748111971,1.019964444,,,,0.73
MoSe2,Mo,Se,42,34,2.528,Zigzag,1,100,7.842828237,0.088,108.4574787,9.829527506,0.890852453,,,,0.73
MoSe2,Mo,Se,42,34,2.528,Zigzag,1,200,7.474098096,0.084,107.0685618,9.367392807,0.819550076,,,,0.73
MoSe2,Mo,Se,42,34,2.528,Zigzag,1,300,7.305985204,0.083,105.6362766,9.156694543,0.793714599,,,,0.73
MoSe2,Mo,Se,42,34,2.528,Zigzag,1,400,6.945902366,0.079,104.0364198,8.705397632,0.728436715,,,,0.73
MoSe2,Mo,Se,42,34,2.528,Zigzag,1,500,6.881368124,0.079,101.5774125,8.624515954,0.732271807,,,,0.73
MoSe2,Mo,Se,42,34,2.528,Zigzag,1,600,6.357638469,0.074,99.65895832,7.968118173,0.637081787,,,,0.73
MoSe2,Mo,Se,42,34,2.528,Zigzag,2,100,6.026046427,0.065,107.0742732,10.6808892,1.065441684,,,,0.73
MoSe2,Mo,Se,42,34,2.528,Zigzag,2,200,5.706611882,0.062,105.3942779,10.11470621,0.97071002,,,,0.73
MoSe2,Mo,Se,42,34,2.528,Zigzag,2,300,5.711004535,0.063,104.0032328,10.12249198,0.985208259,,,,0.73
MoSe2,Mo,Se,42,34,2.528,Zigzag,2,400,5.303714636,0.059,101.5732874,9.400589431,0.870022856,,,,0.73
MoSe2,Mo,Se,42,34,2.528,Zigzag,2,500,4.869793261,0.055,99.40534948,8.631483819,0.749481927,,,,0.73
MoSe2,Mo,Se,42,34,2.528,Zigzag,2,600,5.058786477,0.057,95.88880501,8.966465572,0.838445164,,,,0.73
MoSe2,Mo,Se,42,34,2.528,Zigzag,3,100,5.345707793,0.057,105.98141,11.6044826,1.27063809,,,,0.73
MoSe2,Mo,Se,42,34,2.528,Zigzag,3,200,5.30742712,0.058,104.9087468,11.52138277,1.265311663,,,,0.73
MoSe2,Mo,Se,42,34,2.528,Zigzag,3,300,5.285735321,0.058,103.0597946,11.47429413,1.277505222,,,,0.73
MoSe2,Mo,Se,42,34,2.528,Zigzag,3,400,4.831734495,0.054,100.3950157,10.48874743,1.095809606,,,,0.73
MoSe2,Mo,Se,42,34,2.528,Zigzag,3,500,4.767140073,0.054,97.61082613,10.34852561,1.09713222,,,,0.73
MoSe2,Mo,Se,42,34,2.528,Zigzag,3,600,4.434261233,0.05,92.4287017,9.625910974,1.002482566,,,,0.73
MoSe2,Mo,Se,42,34,2.528,Zigzag,4,100,4.730692916,0.051,103.5020668,11.85808862,1.35856481,,,,0.73
MoSe2,Mo,Se,42,34,2.528,Zigzag,4,200,4.443636038,0.048,102.4828579,11.13854374,1.210613746,,,,0.73
MoSe2,Mo,Se,42,34,2.528,Zigzag,4,300,4.306104227,0.048,101.5033508,10.79380261,1.147806194,,,,0.73
MoSe2,Mo,Se,42,34,2.528,Zigzag,4,400,4.440491551,0.049,96.19323998,11.13066167,1.287945279,,,,0.73
MoSe2,Mo,Se,42,34,2.528,Zigzag,4,500,3.986743419,0.045,93.63568001,9.993283778,1.066534901,,,,0.73
MoSe2,Mo,Se,42,34,2.528,Zigzag,4,600,3.85074043,0.045,88.1159057,9.65237484,1.057338506,,,,0.73
MoSe2,Mo,Se,42,34,2.528,Zigzag,5,100,4.514722298,0.049,102.4769531,12.65248941,1.562160891,,,,0.73
MoSe2,Mo,Se,42,34,2.528,Zigzag,5,200,4.39129333,0.048,101.5346354,12.30658027,1.491628127,,,,0.73
MoSe2,Mo,Se,42,34,2.528,Zigzag,5,300,4.126625434,0.046,100.0705738,11.56484966,1.336514247,,,,0.73
MoSe2,Mo,Se,42,34,2.528,Zigzag,5,400,3.78668562,0.042,96.21220407,10.61216982,1.170518328,,,,0.73
MoSe2,Mo,Se,42,34,2.528,Zigzag,5,500,3.76086262,0.043,93.98467293,10.53980098,1.181973626,,,,0.73
MoSe2,Mo,Se,42,34,2.528,Zigzag,5,600,3.846683651,0.045,87.9532246,10.78031404,1.321329278,,,,0.73
WS2,W,S,74,16,2.39,Armchair,1,100,8.473387643,0.085,127.2643687,10.61981652,0.886190724,,,,1.07
WS2,W,S,74,16,2.39,Armchair,1,200,8.109199817,0.081,125.90651,10.16337477,0.82040386,,,,1.07
WS2,W,S,74,16,2.39,Armchair,1,300,7.703360486,0.077,124.0067154,9.654730602,0.75168367,,,,1.07
WS2,W,S,74,16,2.39,Armchair,1,400,7.477939999,0.076,122.6693848,9.372207919,0.716057078,,,,1.07
WS2,W,S,74,16,2.39,Armchair,1,500,7.497438335,0.077,120.4952888,9.396645459,0.732783387,,,,1.07
WS2,W,S,74,16,2.39,Armchair,1,600,7.073429656,0.072,117.7492309,8.865229387,0.667454823,,,,1.07
WS2,W,S,74,16,2.39,Armchair,2,100,6.856674589,0.065,126.4243248,12.15313928,1.168278293,,,,1.07
WS2,W,S,74,16,2.39,Armchair,2,200,6.459769789,0.062,124.5468157,11.44964384,1.052570821,,,,1.07
WS2,W,S,74,16,2.39,Armchair,2,300,6.125193749,0.059,123.104392,10.85662325,0.957449742,,,,1.07
WS2,W,S,74,16,2.39,Armchair,2,400,5.855411664,0.057,121.2284394,10.37844695,0.888505714,,,,1.07
WS2,W,S,74,16,2.39,Armchair,2,500,5.753721352,0.057,119.4049875,10.19820557,0.871013841,,,,1.07
WS2,W,S,74,16,2.39,Armchair,2,600,5.376484097,0.054,116.1369037,9.529569942,0.781945277,,,,1.07
WS2,W,S,74,16,2.39,Armchair,3,100,5.580884225,0.052,125.1362962,12.11500448,1.172907765,,,,1.07
WS2,W,S,74,16,2.39,Armchair,3,200,5.507629572,0.052,123.38353,11.955983,1.158546279,,,,1.07
WS2,W,S,74,16,2.39,Armchair,3,300,5.079282834,0.049,122.4673171,11.02612629,0.992717599,,,,1.07
WS2,W,S,74,16,2.39,Armchair,3,400,4.888878923,0.048,120.1159271,10.61279677,0.937689596,,,,1.07
WS2,W,S,74,16,2.39,Armchair,3,500,4.49674645,0.045,119.7888733,9.761554118,0.79546569,,,,1.07
WS2,W,S,74,16,2.39,Armchair,3,600,4.660419216,0.046,115.6863543,10.11685557,0.884726356,,,,1.07
WS2,W,S,74,16,2.39,Armchair,4,100,5.11361866,0.048,123.0275864,12.81794112,1.335469705,,,,1.07
WS2,W,S,74,16,2.39,Armchair,4,200,4.822606518,0.046,121.6781411,12.08848186,1.200966683,,,,1.07
WS2,W,S,74,16,2.39,Armchair,4,300,4.582570779,0.044,120.9153483,11.48680149,1.091231264,,,,1.07
WS2,W,S,74,16,2.39,Armchair,4,400,4.401793696,0.044,120.4549398,11.03366054,1.010682211,,,,1.07
WS2,W,S,74,16,2.39,Armchair,4,500,4.311768445,0.042,115.0462951,10.8080007,1.015355418,,,,1.07
WS2,W,S,74,16,2.39,Armchair,4,600,4.2511527,0.043,112.5524664,10.65605956,1.008877095,,,,1.07
WS2,W,S,74,16,2.39,Armchair,5,100,4.591442477,0.044,121.3704169,12.86749738,1.364191481,,,,1.07
WS2,W,S,74,16,2.39,Armchair,5,200,4.455304358,0.043,118.4614988,12.4859709,1.316034921,,,,1.07
WS2,W,S,74,16,2.39,Armchair,5,300,4.173783129,0.041,118.5527015,11.69700889,1.154086033,,,,1.07
WS2,W,S,74,16,2.39,Armchair,5,400,4.065554336,0.04,117.4959653,11.39369817,1.104858007,,,,1.07
WS2,W,S,74,16,2.39,Armchair,5,500,3.886018322,0.04,116.0567381,10.89054928,1.021948967,,,,1.07
WS2,W,S,74,16,2.39,Armchair,5,600,3.493033472,0.038,114.1620592,9.789210965,0.839408924,,,,1.07
WS2,W,S,74,16,2.39,Zigzag,1,100,8.322292461,0.079,127.7148822,10.4304468,0.851852333,,,,1.07
WS2,W,S,74,16,2.39,Zigzag,1,200,8.386450243,0.081,126.4206506,10.51085665,0.873892889,,,,1.07
WS2,W,S,74,16,2.39,Zigzag,1,300,7.771219915,0.075,124.4560339,9.739779784,0.762223472,,,,1.07
WS2,W,S,74,16,2.39,Zigzag,1,400,7.705676492,0.076,123.2658707,9.657633285,0.756656162,,,,1.07
WS2,W,S,74,16,2.39,Zigzag,1,500,7.192935004,0.07,121.531917,9.015007129,0.668716133,,,,1.07
WS2,W,S,74,16,2.39,Zigzag,1,600,7.337289896,0.073,120.2133,9.195929156,0.703458877,,,,1.07
WS2,W,S,74,16,2.39,Zigzag,2,100,6.380027708,0.058,126.4053154,11.30830468,1.011648556,,,,1.07
WS2,W,S,74,16,2.39,Zigzag,2,200,6.086264531,0.056,125.0232399,10.78762301,0.930809426,,,,1.07
WS2,W,S,74,16,2.39,Zigzag,2,300,6.030266398,0.056,122.998385,10.6883689,0.928802681,,,,1.07
WS2,W,S,74,16,2.39,Zigzag,2,400,5.786317531,0.055,120.976292,10.25598079,0.869469052,,,,1.07
WS2,W,S,74,16,2.39,Zigzag,2,500,5.624772224,0.053,119.8653533,9.969649189,0.829212964,,,,1.07
WS2,W,S,74,16,2.39,Zigzag,2,600,5.435205841,0.052,116.6639756,9.633651523,0.795508992,,,,1.07
WS2,W,S,74,16,2.39,Zigzag,3,100,5.658169786,0.051,125.0205504,12.28277627,1.206734352,,,,1.07
WS2,W,S,74,16,2.39,Zigzag,3,200,5.678855078,0.052,123.406125,12.32767998,1.231476101,,,,1.07
WS2,W,S,74,16,2.39,Zigzag,3,300,5.119060943,0.047,121.8255734,11.11247676,1.013638896,,,,1.07
WS2,W,S,74,16,2.39,Zigzag,3,400,4.994732545,0.047,119.6405348,10.84258421,0.982623761,,,,1.07
WS2,W,S,74,16,2.39,Zigzag,3,500,4.538720562,0.043,119.5394535,9.852671678,0.81207615,,,,1.07
WS2,W,S,74,16,2.39,Zigzag,3,600,4.423467445,0.043,117.1967488,9.602479778,0.786776245,,,,1.07
WS2,W,S,74,16,2.39,Zigzag,4,100,5.021557685,0.046,123.7037629,12.58717848,1.280778032,,,,1.07
WS2,W,S,74,16,2.39,Zigzag,4,200,4.963346646,0.046,121.5675709,12.44126504,1.273243141,,,,1.07
WS2,W,S,74,16,2.39,Zigzag,4,300,4.748349006,0.044,120.8549096,11.90234588,1.17219762,,,,1.07
WS2,W,S,74,16,2.39,Zigzag,4,400,4.460607042,0.042,119.3635456,11.18108373,1.047360254,,,,1.07
WS2,W,S,74,16,2.39,Zigzag,4,500,4.27712949,0.041,117.5058006,10.72117371,0.978194823,,,,1.07
WS2,W,S,74,16,2.39,Zigzag,4,600,4.149330869,0.041,114.7606226,10.40083008,0.942634014,,,,1.07
WS2,W,S,74,16,2.39,Zigzag,5,100,4.606420354,0.042,121.3896041,12.90947281,1.372889297,,,,1.07
WS2,W,S,74,16,2.39,Zigzag,5,200,4.568669146,0.042,119.5758115,12.80367522,1.370963718,,,,1.07
WS2,W,S,74,16,2.39,Zigzag,5,300,4.371605955,0.041,118.3558445,12.25140649,1.268183769,,,,1.07
WS2,W,S,74,16,2.39,Zigzag,5,400,4.312080315,0.041,117.0206865,12.08458614,1.247960738,,,,1.07
WS2,W,S,74,16,2.39,Zigzag,5,500,4.035235184,0.039,115.5115143,11.30872888,1.107139402,,,,1.07
WS2,W,S,74,16,2.39,Zigzag,5,600,3.678218788,0.036,114.0650857,10.308192,0.931563078,,,,1.07
WSe2,W,Se,74,34,2.51,Armchair,1,100,10.26705526,0.1,128.8688687,12.86784551,1.284883228,,,,0.83
WSe2,W,Se,74,34,2.51,Armchair,1,200,9.899473252,0.096,127.8708322,12.40714978,1.203850503,,,,0.83
WSe2,W,Se,74,34,2.51,Armchair,1,300,9.308253486,0.09,126.6454378,11.66616569,1.074649227,,,,0.83
WSe2,W,Se,74,34,2.51,Armchair,1,400,9.502694785,0.093,125.6562448,11.90986172,1.128832127,,,,0.83
WSe2,W,Se,74,34,2.51,Armchair,1,500,8.708454287,0.085,124.4164181,10.91442887,0.957468149,,,,0.83
WSe2,W,Se,74,34,2.51,Armchair,1,600,8.293001386,0.081,123.4267253,10.39373588,0.875254085,,,,0.83
WSe2,W,Se,74,34,2.51,Armchair,2,100,7.960878058,0.074,127.799346,14.11028897,1.55791294,,,,0.83
WSe2,W,Se,74,34,2.51,Armchair,2,200,7.876941916,0.074,126.8683473,13.96151603,1.536426808,,,,0.83
WSe2,W,Se,74,34,2.51,Armchair,2,300,7.519428856,0.071,125.4040791,13.32784063,1.416471754,,,,0.83
WSe2,W,Se,74,34,2.51,Armchair,2,400,7.471083188,0.07,123.676134,13.24215017,1.417852704,,,,0.83
WSe2,W,Se,74,34,2.51,Armchair,2,500,7.370437349,0.071,122.9532319,13.06376006,1.388022294,,,,0.83
WSe2,W,Se,74,34,2.51,Armchair,2,600,6.707649802,0.063,121.3871446,11.88899972,1.164442206,,,,0.83
WSe2,W,Se,74,34,2.51,Armchair,3,100,6.845351309,0.063,126.5041483,14.85991439,1.745532131,,,,0.83
WSe2,W,Se,74,34,2.51,Armchair,3,200,6.753929681,0.063,125.1887774,14.66145597,1.717073173,,,,0.83
WSe2,W,Se,74,34,2.51,Armchair,3,300,6.430834256,0.06,123.367215,13.96007921,1.579705041,,,,0.83
WSe2,W,Se,74,34,2.51,Armchair,3,400,6.168406096,0.058,122.5247011,13.39039917,1.463401162,,,,0.83
WSe2,W,Se,74,34,2.51,Armchair,3,500,6.091536989,0.058,121.0753933,13.22353142,1.444238821,,,,0.83
WSe2,W,Se,74,34,2.51,Armchair,3,600,5.814909555,0.055,119.6417706,12.62302755,1.331816001,,,,0.83
WSe2,W,Se,74,34,2.51,Armchair,4,100,6.154774669,0.057,124.5674608,15.42773221,1.910731098,,,,0.83
WSe2,W,Se,74,34,2.51,Armchair,4,200,6.098878533,0.057,123.3207615,15.28762137,1.895150212,,,,0.83
WSe2,W,Se,74,34,2.51,Armchair,4,300,5.598120909,0.052,120.7879802,14.03240816,1.630199282,,,,0.83
WSe2,W,Se,74,34,2.51,Armchair,4,400,5.29825201,0.05,119.516247,13.28074829,1.475768188,,,,0.83
WSe2,W,Se,74,34,2.51,Armchair,4,500,5.410156899,0.052,119.1830906,13.56125225,1.543067576,,,,0.83
WSe2,W,Se,74,34,2.51,Armchair,4,600,5.363758627,0.052,118.4653072,13.44494903,1.525903733,,,,0.83
WSe2,W,Se,74,34,2.51,Armchair,5,100,5.539147455,0.052,122.3710862,15.52343642,1.969232158,,,,0.83
WSe2,W,Se,74,34,2.51,Armchair,5,200,5.346947757,0.051,121.1359372,14.98479761,1.85365437,,,,0.83
WSe2,W,Se,74,34,2.51,Armchair,5,300,5.336309007,0.051,119.0250698,14.95498256,1.879028541,,,,0.83
WSe2,W,Se,74,34,2.51,Armchair,5,400,5.11561416,0.049,116.8616458,14.33648622,1.758787801,,,,0.83
WSe2,W,Se,74,34,2.51,Armchair,5,500,4.751766824,0.046,116.1303116,13.31680566,1.527054482,,,,0.83
WSe2,W,Se,74,34,2.51,Armchair,5,600,4.791185723,0.048,115.8846034,13.42727695,1.555787058,,,,0.83
WSe2,W,Se,74,34,2.51,Zigzag,1,100,10.38736761,0.097,129.2287995,13.01863468,1.311509891,,,,0.83
WSe2,W,Se,74,34,2.51,Zigzag,1,200,10.02963949,0.094,127.9863417,12.57028896,1.234601775,,,,0.83
WSe2,W,Se,74,34,2.51,Zigzag,1,300,9.718190699,0.092,126.5848653,12.17994579,1.171949578,,,,0.83
WSe2,W,Se,74,34,2.51,Zigzag,1,400,9.319878507,0.088,125.0653708,11.68073549,1.090946125,,,,0.83
WSe2,W,Se,74,34,2.51,Zigzag,1,500,8.654047564,0.081,123.214735,10.84624016,0.954763451,,,,0.83
WSe2,W,Se,74,34,2.51,Zigzag,1,600,8.614471243,0.081,123.073667,10.79663859,0.947135222,,,,0.83
WSe2,W,Se,74,34,2.51,Zigzag,2,100,8.398528135,0.076,128.1363465,14.88600353,1.729353983,,,,0.83
WSe2,W,Se,74,34,2.51,Zigzag,2,200,7.798750894,0.07,126.596544,13.82292605,1.509308854,,,,0.83
WSe2,W,Se,74,34,2.51,Zigzag,2,300,7.753491938,0.07,124.8899913,13.74270664,1.512226752,,,,0.83
WSe2,W,Se,74,34,2.51,Zigzag,2,400,7.442720919,0.068,123.0443077,13.19187935,1.414333456,,,,0.83
WSe2,W,Se,74,34,2.51,Zigzag,2,500,7.258304852,0.067,121.5669687,12.86501039,1.3614594,,,,0.83
WSe2,W,Se,74,34,2.51,Zigzag,2,600,7.354432029,0.068,121.2718764,13.03539137,1.401161038,,,,0.83
WSe2,W,Se,74,34,2.51,Zigzag,3,100,7.20724877,0.064,126.7662765,15.64552276,1.930973987,,,,0.83
WSe2,W,Se,74,34,2.51,Zigzag,3,200,6.86585075,0.061,125.0758966,14.90441465,1.776054236,,,,0.83
WSe2,W,Se,74,34,2.51,Zigzag,3,300,6.443994241,0.058,123.0795416,13.98864695,1.589884403,,,,0.83
WSe2,W,Se,74,34,2.51,Zigzag,3,400,6.310231778,0.057,121.0051418,13.69827489,1.55070051,,,,0.83
WSe2,W,Se,74,34,2.51,Zigzag,3,500,6.387946617,0.059,118.6409533,13.86697856,1.620798628,,,,0.83
WSe2,W,Se,74,34,2.51,Zigzag,3,600,6.163246075,0.057,118.3459824,13.37919778,1.512539163,,,,0.83
WSe2,W,Se,74,34,2.51,Zigzag,4,100,6.202954279,0.055,124.8931518,15.54850058,1.935701573,,,,0.83
WSe2,W,Se,74,34,2.51,Zigzag,4,200,6.190156487,0.055,123.0579696,15.51642127,1.95647084,,,,0.83
WSe2,W,Se,74,34,2.51,Zigzag,4,300,5.909257627,0.054,121.0103273,14.81231225,1.813106361,,,,0.83
WSe2,W,Se,74,34,2.51,Zigzag,4,400,5.714571189,0.053,118.8123553,14.32430572,1.726973039,,,,0.83
WSe2,W,Se,74,34,2.51,Zigzag,4,500,5.45769755,0.05,115.7719551,13.68041899,1.616573406,,,,0.83
WSe2,W,Se,74,34,2.51,Zigzag,4,600,5.448567917,0.051,115.3991067,13.6575344,1.616375127,,,,0.83
WSe2,W,Se,74,34,2.51,Zigzag,5,100,5.800624395,0.052,122.90603,16.25622439,2.150137235,,,,0.83
WSe2,W,Se,74,34,2.51,Zigzag,5,200,5.49763047,0.049,120.7921296,15.40708525,1.965179988,,,,0.83
WSe2,W,Se,74,34,2.51,Zigzag,5,300,5.303205643,0.049,118.7218019,14.86221052,1.860528548,,,,0.83
WSe2,W,Se,74,34,2.51,Zigzag,5,400,5.168868261,0.048,116.1443786,14.4857306,1.806685727,,,,0.83
WSe2,W,Se,74,34,2.51,Zigzag,5,500,4.826885178,0.045,115.2674424,13.52732451,1.587512524,,,,0.83
WSe2,W,Se,74,34,2.51,Zigzag,5,600,4.956695555,0.047,112.1828619,13.89111752,1.720076871,,,,0.83
MoS2,Mo,S,42,16,2.382,Armchair,1,100,5.958345375,0.074,103.1579836,7.467678493,0.540590463,,,,0.92
MoS2,Mo,S,42,16,2.382,Armchair,1,200,5.503548977,0.069,101.6357031,6.897675738,0.468122216,,,,0.92
MoS2,Mo,S,42,16,2.382,Armchair,1,300,5.16906444,0.065,97.43810924,6.478461539,0.43073972,,,,0.92
MoS2,Mo,S,42,16,2.382,Armchair,1,400,4.740698255,0.06,96.72523419,5.941584144,0.364976342,,,,0.92
MoS2,Mo,S,42,16,2.382,Armchair,1,500,4.702522253,0.061,93.19228204,5.893737621,0.372736265,,,,0.92
MoS2,Mo,S,42,16,2.382,Armchair,1,600,4.373745606,0.058,89.0267314,5.481677201,0.33752542,,,,0.92
MoS2,Mo,S,42,16,2.382,Armchair,2,100,4.663769068,0.055,102.6799623,8.266315444,0.665484964,,,,0.92
MoS2,Mo,S,42,16,2.382,Armchair,2,200,4.33748485,0.053,101.0617182,7.687991726,0.584842785,,,,0.92
MoS2,Mo,S,42,16,2.382,Armchair,2,300,4.025645405,0.049,96.44185755,7.1352707,0.527904473,,,,0.92
MoS2,Mo,S,42,16,2.382,Armchair,2,400,3.734942674,0.046,95.98524682,6.620013525,0.456576198,,,,0.92
MoS2,Mo,S,42,16,2.382,Armchair,2,500,3.495801237,0.044,93.57579285,6.196146365,0.410279503,,,,0.92
MoS2,Mo,S,42,16,2.382,Armchair,2,600,3.358695263,0.042,87.90191696,5.953132353,0.403174197,,,,0.92
MoS2,Mo,S,42,16,2.382,Armchair,3,100,4.010638121,0.047,102.1774084,8.706308328,0.741845051,,,,0.92
MoS2,Mo,S,42,16,2.382,Armchair,3,200,3.794750095,0.046,99.90804252,8.237657788,0.679214647,,,,0.92
MoS2,Mo,S,42,16,2.382,Armchair,3,300,3.450797658,0.042,94.844588,7.491004544,0.591653675,,,,0.92
MoS2,Mo,S,42,16,2.382,Armchair,3,400,3.291260847,0.04,93.74800221,7.144681434,0.544507313,,,,0.92
MoS2,Mo,S,42,16,2.382,Armchair,3,500,2.908196591,0.037,92.54614491,6.313124105,0.43065582,,,,0.92
MoS2,Mo,S,42,16,2.382,Armchair,3,600,2.85099164,0.037,88.94276833,6.188943382,0.430647943,,,,0.92
MoS2,Mo,S,42,16,2.382,Armchair,4,100,3.595548258,0.042,100.4265245,9.012702926,0.808838247,,,,0.92
MoS2,Mo,S,42,16,2.382,Armchair,4,200,3.367877386,0.041,98.56506267,8.442016681,0.723051797,,,,0.92
MoS2,Mo,S,42,16,2.382,Armchair,4,300,3.118693909,0.039,96.78930415,7.817406332,0.631390444,,,,0.92
MoS2,Mo,S,42,16,2.382,Armchair,4,400,2.9143401,0.035,88.64213764,7.305167297,0.602032743,,,,0.92
MoS2,Mo,S,42,16,2.382,Armchair,4,500,2.770536038,0.035,91.84279358,6.944703969,0.525124632,,,,0.92
MoS2,Mo,S,42,16,2.382,Armchair,4,600,2.59047211,0.033,87.49372149,6.493350636,0.481904321,,,,0.92
MoS2,Mo,S,42,16,2.382,Armchair,5,100,3.363774799,0.04,98.76373285,9.426964101,0.899800459,,,,0.92
MoS2,Mo,S,42,16,2.382,Armchair,5,200,2.975332214,0.036,95.17325987,8.338355463,0.730543137,,,,0.92
MoS2,Mo,S,42,16,2.382,Armchair,5,300,2.864543453,0.036,94.30760859,8.027870447,0.683366961,,,,0.92
MoS2,Mo,S,42,16,2.382,Armchair,5,400,2.745437421,0.034,88.1769268,7.694076315,0.671363955,,,,0.92
MoS2,Mo,S,42,16,2.382,Armchair,5,500,2.450971224,0.031,88.50810412,6.868836091,0.533068804,,,,0.92
MoS2,Mo,S,42,16,2.382,Armchair,5,600,2.302601134,0.031,89.85509012,6.453029565,0.463430514,,,,0.92
MoS2,Mo,S,42,16,2.382,Zigzag,1,100,5.943198737,0.071,103.8123931,7.448694998,0.534455044,,,,0.92
MoS2,Mo,S,42,16,2.382,Zigzag,1,200,5.630476168,0.069,101.8826377,7.056755381,0.488776082,,,,0.92
MoS2,Mo,S,42,16,2.382,Zigzag,1,300,5.233628607,0.064,93.13913243,6.559380723,0.461948424,,,,0.92
MoS2,Mo,S,42,16,2.382,Zigzag,1,400,4.958365142,0.062,94.54885567,6.21438913,0.408451609,,,,0.92
MoS2,Mo,S,42,16,2.382,Zigzag,1,500,4.695498852,0.059,94.47469387,5.884935093,0.366579235,,,,0.92
MoS2,Mo,S,42,16,2.382,Zigzag,1,600,4.251326635,0.055,91.29173583,5.328247774,0.310983509,,,,0.92
MoS2,Mo,S,42,16,2.382,Zigzag,2,100,4.539595502,0.052,102.5867702,8.046223529,0.631092225,,,,0.92
MoS2,Mo,S,42,16,2.382,Zigzag,2,200,4.1023705,0.048,100.8849726,7.271262391,0.52407465,,,,0.92
MoS2,Mo,S,42,16,2.382,Zigzag,2,300,3.92623163,0.046,91.20228085,6.959064372,0.531001818,,,,0.92
MoS2,Mo,S,42,16,2.382,Zigzag,2,400,3.546784521,0.042,85.13548976,6.286511883,0.464203962,,,,0.92
MoS2,Mo,S,42,16,2.382,Zigzag,2,500,3.453346186,0.042,93.97622268,6.120896746,0.398668683,,,,0.92
MoS2,Mo,S,42,16,2.382,Zigzag,2,600,3.109632411,0.039,92.08811377,5.511679942,0.329886394,,,,0.92
MoS2,Mo,S,42,16,2.382,Zigzag,3,100,4.049619057,0.046,101.1414963,8.79092829,0.764082232,,,,0.92
MoS2,Mo,S,42,16,2.382,Zigzag,3,200,3.776442588,0.044,99.9346482,8.197915783,0.672497721,,,,0.92
MoS2,Mo,S,42,16,2.382,Zigzag,3,300,3.539644019,0.042,94.39434433,7.683872559,0.625481303,,,,0.92
MoS2,Mo,S,42,16,2.382,Zigzag,3,400,3.404471621,0.04,80.23519084,7.390439808,0.680731235,,,,0.92
MoS2,Mo,S,42,16,2.382,Zigzag,3,500,3.19771186,0.038,91.61560118,6.941604941,0.525957135,,,,0.92
MoS2,Mo,S,42,16,2.382,Zigzag,3,600,3.015209977,0.038,93.11329996,6.545429166,0.460113034,,,,0.92
MoS2,Mo,S,42,16,2.382,Zigzag,4,100,3.476453969,0.039,99.91226382,8.714177814,0.760035776,,,,0.92
MoS2,Mo,S,42,16,2.382,Zigzag,4,200,3.266560504,0.038,98.35867733,8.18805292,0.681629852,,,,0.92
MoS2,Mo,S,42,16,2.382,Zigzag,4,300,3.193415487,0.038,92.03055427,8.004705552,0.696239542,,,,0.92
MoS2,Mo,S,42,16,2.382,Zigzag,4,400,2.874334409,0.036,76.05369248,7.2048879,0.682549498,,,,0.92
MoS2,Mo,S,42,16,2.382,Zigzag,4,500,2.914964987,0.036,89.45678932,7.306733656,0.596806091,,,,0.92
MoS2,Mo,S,42,16,2.382,Zigzag,4,600,2.733522796,0.034,91.37520929,6.85192553,0.513803293,,,,0.92
MoS2,Mo,S,42,16,2.382,Zigzag,5,100,3.216485083,0.037,98.27686211,9.014185319,0.826802314,,,,0.92
MoS2,Mo,S,42,16,2.382,Zigzag,5,200,3.049606381,0.036,96.64693688,8.546508489,0.755769502,,,,0.92
MoS2,Mo,S,42,16,2.382,Zigzag,5,300,2.862197851,0.034,89.71851383,8.021296907,0.717145228,,,,0.92
MoS2,Mo,S,42,16,2.382,Zigzag,5,400,2.686540598,0.033,71.28235549,7.529018227,0.795233478,,,,0.92
MoS2,Mo,S,42,16,2.382,Zigzag,5,500,2.4890574,0.031,86.74643758,6.975572432,0.560929211,,,,0.92
MoS2,Mo,S,42,16,2.382,Zigzag,5,600,2.446871926,0.031,94.50263443,6.857347826,0.497586332,,,,0.92
MoSe2,Mo,Se,42,34,2.528,Armchair,1,100,7.860780356,0.092,108.0660392,9.852027151,0.898177075,,,,0.73
MoSe2,Mo,Se,42,34,2.528,Armchair,1,200,7.483985715,0.088,106.7656669,9.3797851,0.824051131,,,,0.73
MoSe2,Mo,Se,42,34,2.528,Armchair,1,300,7.153884609,0.085,105.1953013,8.966064717,0.764200639,,,,0.73
MoSe2,Mo,Se,42,34,2.528,Armchair,1,400,6.635477021,0.078,103.6207922,8.316337158,0.667447742,,,,0.73
MoSe2,Mo,Se,42,34,2.528,Armchair,1,500,6.779519167,0.081,102.9523978,8.496867216,0.701263439,,,,0.73
MoSe2,Mo,Se,42,34,2.528,Armchair,1,600,6.493810852,0.077,101.8442688,8.138784946,0.650403024,,,,0.73
MoSe2,Mo,Se,42,34,2.528,Armchair,2,100,6.232298798,0.07,106.9598562,11.046462,1.140842248,,,,0.73
MoSe2,Mo,Se,42,34,2.528,Armchair,2,200,5.81423757,0.065,105.405521,10.30546777,1.007562649,,,,0.73
MoSe2,Mo,Se,42,34,2.528,Armchair,2,300,5.571159568,0.064,103.3827466,9.87462323,0.943176566,,,,0.73
MoSe2,Mo,Se,42,34,2.528,Armchair,2,400,5.574552794,0.064,101.4243778,9.880637567,0.962559503,,,,0.73
MoSe2,Mo,Se,42,34,2.528,Armchair,2,500,5.252928469,0.061,99.913224,9.310573293,0.867620637,,,,0.73
MoSe2,Mo,Se,42,34,2.528,Armchair,2,600,5.134342427,0.06,100.0111175,9.100385007,0.828078011,,,,0.73
MoSe2,Mo,Se,42,34,2.528,Armchair,3,100,5.34539704,0.059,105.2143692,11.60380801,1.27975258,,,,0.73
MoSe2,Mo,Se,42,34,2.528,Armchair,3,200,5.065661295,0.056,103.3745622,10.9965566,1.169768022,,,,0.73
MoSe2,Mo,Se,42,34,2.528,Armchair,3,300,4.840049106,0.055,101.3320709,10.50679682,1.089416,,,,0.73
MoSe2,Mo,Se,42,34,2.528,Armchair,3,400,4.582856069,0.052,99.25681295,9.948481203,0.997133348,,,,0.73
MoSe2,Mo,Se,42,34,2.528,Armchair,3,500,4.478453044,0.052,99.09178983,9.721842723,0.953804812,,,,0.73
MoSe2,Mo,Se,42,34,2.528,Armchair,3,600,4.233405319,0.05,97.24457635,9.1898922,0.868471249,,,,0.73
MoSe2,Mo,Se,42,34,2.528,Armchair,4,100,4.710922749,0.052,103.350572,11.80853216,1.349208128,,,,0.73
MoSe2,Mo,Se,42,34,2.528,Armchair,4,200,4.4990987,0.051,102.2573787,11.27756801,1.243759051,,,,0.73
MoSe2,Mo,Se,42,34,2.528,Armchair,4,300,4.326097283,0.051,100.7231923,10.84391777,1.167462527,,,,0.73
MoSe2,Mo,Se,42,34,2.528,Armchair,4,400,4.155187053,0.048,97.8463612,10.41550935,1.108705871,,,,0.73
MoSe2,Mo,Se,42,34,2.528,Armchair,4,500,3.923022269,0.046,96.67805128,9.833558541,1.000215378,,,,0.73
MoSe2,Mo,Se,42,34,2.528,Armchair,4,600,3.841004586,0.046,96.98977352,9.627970698,0.955748389,,,,0.73
MoSe2,Mo,Se,42,34,2.528,Armchair,5,100,4.17538407,0.047,101.1987922,11.70149552,1.353029956,,,,0.73
MoSe2,Mo,Se,42,34,2.528,Armchair,5,200,4.187222813,0.048,99.24853776,11.73467354,1.387451808,,,,0.73
MoSe2,Mo,Se,42,34,2.528,Armchair,5,300,3.840403508,0.044,96.27399054,10.76271396,1.203191134,,,,0.73
MoSe2,Mo,Se,42,34,2.528,Armchair,5,400,3.765260477,0.044,95.98966157,10.55212595,1.159993277,,,,0.73
MoSe2,Mo,Se,42,34,2.528,Armchair,5,500,3.719706251,0.044,93.68850281,10.42446043,1.159900863,,,,0.73
MoSe2,Mo,Se,42,34,2.528,Armchair,5,600,3.571912888,0.043,92.26503014,10.01027018,1.086061631,,,,0.73
MoSe2,Mo,Se,42,34,2.528,Zigzag,1,100,7.919667537,0.089,108.4704659,9.925831287,0.908285273,,,,0.73
MoSe2,Mo,Se,42,34,2.528,Zigzag,1,200,7.399764195,0.083,106.930696,9.274229078,0.804365147,,,,0.73
MoSe2,Mo,Se,42,34,2.528,Zigzag,1,300,7.407583537,0.085,105.189807,9.28402917,0.819406367,,,,0.73
MoSe2,Mo,Se,42,34,2.528,Zigzag,1,400,7.344436784,0.085,103.7723203,9.204886452,0.816498411,,,,0.73
MoSe2,Mo,Se,42,34,2.528,Zigzag,1,500,7.024696615,0.081,103.1610992,8.804151578,0.751379014,,,,0.73
MoSe2,Mo,Se,42,34,2.528,Zigzag,1,600,6.150242882,0.071,101.5790577,7.708186352,0.584925064,,,,0.73
MoSe2,Mo,Se,42,34,2.528,Zigzag,2,100,5.971054374,0.064,106.8612814,10.58341832,1.048169569,,,,0.73
MoSe2,Mo,Se,42,34,2.528,Zigzag,2,200,5.93469491,0.065,105.020288,10.51897285,1.053594423,,,,0.73
MoSe2,Mo,Se,42,34,2.528,Zigzag,2,300,5.479493989,0.06,103.0092286,9.712150222,0.915703022,,,,0.73
MoSe2,Mo,Se,42,34,2.528,Zigzag,2,400,5.601771307,0.062,101.3530499,9.928881125,0.972666146,,,,0.73
MoSe2,Mo,Se,42,34,2.528,Zigzag,2,500,5.211597181,0.059,100.445267,9.237315493,0.849497443,,,,0.73
MoSe2,Mo,Se,42,34,2.528,Zigzag,2,600,4.982131727,0.056,99.87370083,8.830598565,0.78078083,,,,0.73
MoSe2,Mo,Se,42,34,2.528,Zigzag,3,100,5.352755976,0.057,105.7663742,11.61978282,1.276581085,,,,0.73
MoSe2,Mo,Se,42,34,2.528,Zigzag,3,200,5.136067157,0.055,104.243925,11.14939391,1.192481813,,,,0.73
MoSe2,Mo,Se,42,34,2.528,Zigzag,3,300,4.962633212,0.054,101.7505612,10.77290285,1.140587674,,,,0.73
MoSe2,Mo,Se,42,34,2.528,Zigzag,3,400,4.650981563,0.052,100.3967832,10.09636828,1.015337835,,,,0.73
MoSe2,Mo,Se,42,34,2.528,Zigzag,3,500,4.666984555,0.053,97.81707061,10.13110764,1.049298873,,,,0.73
MoSe2,Mo,Se,42,34,2.528,Zigzag,3,600,4.543965571,0.051,96.86544165,9.864057564,1.004482403,,,,0.73
MoSe2,Mo,Se,42,34,2.528,Zigzag,4,100,4.761454514,0.051,103.7459839,11.93519651,1.373054748,,,,0.73
MoSe2,Mo,Se,42,34,2.528,Zigzag,4,200,4.707436593,0.051,101.6924067,11.79979367,1.369179224,,,,0.73
MoSe2,Mo,Se,42,34,2.528,Zigzag,4,300,4.230142606,0.047,98.77439977,10.60339506,1.138270514,,,,0.73
MoSe2,Mo,Se,42,34,2.528,Zigzag,4,400,4.275668391,0.048,96.96583486,10.71751128,1.184592988,,,,0.73
MoSe2,Mo,Se,42,34,2.528,Zigzag,4,500,3.847172423,0.044,93.23911106,9.643431173,0.997390084,,,,0.73
MoSe2,Mo,Se,42,34,2.528,Zigzag,4,600,3.864310452,0.044,96.94716766,9.686389841,0.967807007,,,,0.73
MoSe2,Mo,Se,42,34,2.528,Zigzag,5,100,4.393134258,0.048,102.4562089,12.31173946,1.479450882,,,,0.73
MoSe2,Mo,Se,42,34,2.528,Zigzag,5,200,4.351145944,0.048,99.51984011,12.1940674,1.494126996,,,,0.73
MoSe2,Mo,Se,42,34,2.528,Zigzag,5,300,4.051536877,0.046,96.34008378,11.3544143,1.338204402,,,,0.73
MoSe2,Mo,Se,42,34,2.528,Zigzag,5,400,4.040361339,0.046,94.4909302,11.32309491,1.356876031,,,,0.73
MoSe2,Mo,Se,42,34,2.528,Zigzag,5,500,3.59003135,0.042,96.81701026,10.06104709,1.04552566,,,,0.73
MoSe2,Mo,Se,42,34,2.528,Zigzag,5,600,3.725018597,0.043,95.16221475,10.43934826,1.145202351,,,,0.73
WS2,W,S,74,16,2.39,Armchair,1,100,8.462025,0.084,127.3473432,10.60557556,0.88323973,,,,1.07
WS2,W,S,74,16,2.39,Armchair,1,200,8.053845581,0.08,126.3726689,10.09399853,0.806256662,,,,1.07
WS2,W,S,74,16,2.39,Armchair,1,300,8.019016129,0.081,125.0184161,10.05034628,0.807956648,,,,1.07
WS2,W,S,74,16,2.39,Armchair,1,400,7.601583974,0.077,123.2276409,9.527172661,0.736580026,,,,1.07
WS2,W,S,74,16,2.39,Armchair,1,500,7.017394575,0.071,119.8523651,8.794999828,0.645394206,,,,1.07
WS2,W,S,74,16,2.39,Armchair,1,600,7.119824422,0.073,118.9476586,8.923376603,0.669425955,,,,1.07
WS2,W,S,74,16,2.39,Armchair,2,100,6.786878836,0.064,126.611577,12.02942953,1.142922142,,,,1.07
WS2,W,S,74,16,2.39,Armchair,2,200,6.185906989,0.059,125.7536632,10.96423466,0.955951809,,,,1.07
WS2,W,S,74,16,2.39,Armchair,2,300,6.110431438,0.059,124.513209,10.83045773,0.942059205,,,,1.07
WS2,W,S,74,16,2.39,Armchair,2,400,5.917559961,0.058,121.6390477,10.48860194,0.904403419,,,,1.07
WS2,W,S,74,16,2.39,Armchair,2,500,5.490932534,0.054,117.0854947,9.732424515,0.80898225,,,,1.07
WS2,W,S,74,16,2.39,Armchair,2,600,5.307224084,0.052,115.3091245,9.406809765,0.76739868,,,,1.07
WS2,W,S,74,16,2.39,Armchair,3,100,5.773534131,0.054,125.4029532,12.53320962,1.252612793,,,,1.07
WS2,W,S,74,16,2.39,Armchair,3,200,5.334905368,0.051,124.7617348,11.58103265,1.075011641,,,,1.07
WS2,W,S,74,16,2.39,Armchair,3,300,5.214264036,0.05,122.0522572,11.31914399,1.049739052,,,,1.07
WS2,W,S,74,16,2.39,Armchair,3,400,4.79323298,0.047,120.9286485,10.40516819,0.895300878,,,,1.07
WS2,W,S,74,16,2.39,Armchair,3,500,4.696779481,0.046,115.4636194,10.19578657,0.900318771,,,,1.07
WS2,W,S,74,16,2.39,Armchair,3,600,4.603494813,0.045,109.6623995,9.993283866,0.910665122,,,,1.07
WS2,W,S,74,16,2.39,Armchair,4,100,5.084510406,0.048,123.778346,12.74497755,1.312301044,,,,1.07
WS2,W,S,74,16,2.39,Armchair,4,200,4.786610204,0.046,123.5645633,11.99825248,1.165043267,,,,1.07
WS2,W,S,74,16,2.39,Armchair,4,300,4.551047204,0.044,121.2566821,11.4077836,1.073240043,,,,1.07
WS2,W,S,74,16,2.39,Armchair,4,400,4.317389692,0.043,120.8045451,10.82209107,0.969480537,,,,1.07
WS2,W,S,74,16,2.39,Armchair,4,500,4.359522377,0.043,116.6239971,10.92770205,1.023928824,,,,1.07
WS2,W,S,74,16,2.39,Armchair,4,600,4.138957095,0.042,110.3972252,10.37482688,0.974997629,,,,1.07
WS2,W,S,74,16,2.39,Armchair,5,100,4.675216552,0.044,121.2546315,13.10227385,1.415777509,,,,1.07
WS2,W,S,74,16,2.39,Armchair,5,200,4.44444768,0.043,120.2541414,12.4555451,1.290106121,,,,1.07
WS2,W,S,74,16,2.39,Armchair,5,300,4.166166409,0.041,117.9319743,11.67566306,1.155930008,,,,1.07
WS2,W,S,74,16,2.39,Armchair,5,400,4.08708473,0.042,119.7104134,11.45403701,1.095936101,,,,1.07
WS2,W,S,74,16,2.39,Armchair,5,500,3.759117956,0.038,114.2536449,10.53491156,0.971385742,,,,1.07
WS2,W,S,74,16,2.39,Armchair,5,600,3.805563242,0.04,109.1650926,10.66507427,1.041943047,,,,1.07
WS2,W,S,74,16,2.39,Zigzag,1,100,8.614900239,0.083,127.6751656,10.79717626,0.91309077,,,,1.07
WS2,W,S,74,16,2.39,Zigzag,1,200,8.170396202,0.079,126.4879832,10.24007307,0.829004414,,,,1.07
WS2,W,S,74,16,2.39,Zigzag,1,300,7.937068404,0.077,125.2211109,9.94764004,0.790246482,,,,1.07
WS2,W,S,74,16,2.39,Zigzag,1,400,7.549563911,0.074,123.1412814,9.46197518,0.727042737,,,,1.07
WS2,W,S,74,16,2.39,Zigzag,1,500,6.778120585,0.066,115.0360145,8.495114354,0.627342387,,,,1.07
WS2,W,S,74,16,2.39,Zigzag,1,600,7.02180503,0.069,112.0993676,8.800527514,0.690898496,,,,1.07
WS2,W,S,74,16,2.39,Zigzag,2,100,6.363950259,0.058,126.2606574,11.27980814,1.007709562,,,,1.07
WS2,W,S,74,16,2.39,Zigzag,2,200,6.00446669,0.055,124.8176633,10.64264011,0.907449999,,,,1.07
WS2,W,S,74,16,2.39,Zigzag,2,300,5.890899948,0.055,123.4120824,10.4413483,0.883396116,,,,1.07
WS2,W,S,74,16,2.39,Zigzag,2,400,5.404487638,0.051,121.6963611,9.579204926,0.754017344,,,,1.07
WS2,W,S,74,16,2.39,Zigzag,2,500,5.488171508,0.053,116.654359,9.727530724,0.811155749,,,,1.07
WS2,W,S,74,16,2.39,Zigzag,2,600,5.451398935,0.053,101.7444425,9.662353035,0.917603595,,,,1.07
WS2,W,S,74,16,2.39,Zigzag,3,100,5.532241057,0.05,124.5069077,12.00940971,1.158376866,,,,1.07
WS2,W,S,74,16,2.39,Zigzag,3,200,5.612880654,0.052,123.1454022,12.18446245,1.205575868,,,,1.07
WS2,W,S,74,16,2.39,Zigzag,3,300,5.108414926,0.048,122.2979599,11.08936635,1.005528188,,,,1.07
WS2,W,S,74,16,2.39,Zigzag,3,400,4.902512836,0.046,119.9603268,10.64239332,0.944149941,,,,1.07
WS2,W,S,74,16,2.39,Zigzag,3,500,4.668431118,0.045,118.1716785,10.13424784,0.869099776,,,,1.07
WS2,W,S,74,16,2.39,Zigzag,3,600,4.62324146,0.044,98.32568794,10.03614996,1.024394623,,,,1.07
WS2,W,S,74,16,2.39,Zigzag,4,100,5.14116038,0.047,122.7503498,12.88697797,1.352942794,,,,1.07
WS2,W,S,74,16,2.39,Zigzag,4,200,4.937859468,0.045,120.9680679,12.37737816,1.266445705,,,,1.07
WS2,W,S,74,16,2.39,Zigzag,4,300,4.645970967,0.044,120.5837974,11.64572219,1.124718646,,,,1.07
WS2,W,S,74,16,2.39,Zigzag,4,400,4.563815547,0.043,118.3439394,11.43978909,1.105834191,,,,1.07
WS2,W,S,74,16,2.39,Zigzag,4,500,4.078903113,0.04,115.769985,10.22429387,0.902964488,,,,1.07
WS2,W,S,74,16,2.39,Zigzag,4,600,4.189758658,0.041,96.16443863,10.50216752,1.146947085,,,,1.07
WS2,W,S,74,16,2.39,Zigzag,5,100,4.642833639,0.043,120.9739912,13.01152088,1.399471688,,,,1.07
WS2,W,S,74,16,2.39,Zigzag,5,200,4.496685224,0.042,118.8075457,12.60194059,1.336690408,,,,1.07
WS2,W,S,74,16,2.39,Zigzag,5,300,4.376248525,0.041,117.2212892,12.26441727,1.283179293,,,,1.07
WS2,W,S,74,16,2.39,Zigzag,5,400,3.787721402,0.037,117.4003486,10.61507259,0.959790729,,,,1.07
WS2,W,S,74,16,2.39,Zigzag,5,500,3.945976537,0.039,112.8113416,11.05858191,1.084042014,,,,1.07
WS2,W,S,74,16,2.39,Zigzag,5,600,3.675394024,0.036,94.6446563,10.30027561,1.120989624,,,,1.07
WSe2,W,Se,74,34,2.51,Armchair,1,100,10.26576616,0.1,128.7289966,12.86622986,1.285956351,,,,0.83
WSe2,W,Se,74,34,2.51,Armchair,1,200,10.10906083,0.099,127.8134185,12.66982885,1.255928877,,,,0.83
WSe2,W,Se,74,34,2.51,Armchair,1,300,9.670524851,0.095,126.8174288,12.12020551,1.158353256,,,,0.83
WSe2,W,Se,74,34,2.51,Armchair,1,400,9.290377144,0.091,125.8422922,11.64376102,1.077357764,,,,0.83
WSe2,W,Se,74,34,2.51,Armchair,1,500,9.317113117,0.092,124.6234576,11.67726959,1.094164996,,,,0.83
WSe2,W,Se,74,34,2.51,Armchair,1,600,9.07642674,0.09,123.234683,11.37561395,1.050066342,,,,0.83
WSe2,W,Se,74,34,2.51,Armchair,2,100,7.961369215,0.074,127.6056023,14.11115952,1.560470853,,,,0.83
WSe2,W,Se,74,34,2.51,Armchair,2,200,7.675383535,0.071,126.4831979,13.6042631,1.463245535,,,,0.83
WSe2,W,Se,74,34,2.51,Armchair,2,300,7.328764969,0.069,125.7080793,12.98989769,1.342295921,,,,0.83
WSe2,W,Se,74,34,2.51,Armchair,2,400,7.136468948,0.067,124.2999606,12.64906187,1.287198849,,,,0.83
WSe2,W,Se,74,34,2.51,Armchair,2,500,7.122379393,0.068,122.5957944,12.62408878,1.299943594,,,,0.83
WSe2,W,Se,74,34,2.51,Armchair,2,600,6.876057848,0.066,120.8596143,12.18749521,1.228988198,,,,0.83
WSe2,W,Se,74,34,2.51,Armchair,3,100,6.873144501,0.063,125.8559901,14.92024795,1.768797804,,,,0.83
WSe2,W,Se,74,34,2.51,Armchair,3,200,6.724020386,0.062,124.8588097,14.59652876,1.706396628,,,,0.83
WSe2,W,Se,74,34,2.51,Armchair,3,300,6.6089638,0.061,123.6401197,14.34676349,1.664747844,,,,0.83
WSe2,W,Se,74,34,2.51,Armchair,3,400,6.266540162,0.059,123.4047255,13.60342897,1.499563967,,,,0.83
WSe2,W,Se,74,34,2.51,Armchair,3,500,6.109393481,0.058,120.1928036,13.26229436,1.463385881,,,,0.83
WSe2,W,Se,74,34,2.51,Armchair,3,600,5.760671015,0.055,119.5895427,12.50528632,1.307657697,,,,0.83
WSe2,W,Se,74,34,2.51,Armchair,4,100,6.220598712,0.058,124.2521692,15.59272862,1.956772162,,,,0.83
WSe2,W,Se,74,34,2.51,Armchair,4,200,5.992091085,0.056,123.3337607,15.01994494,1.829172683,,,,0.83
WSe2,W,Se,74,34,2.51,Armchair,4,300,5.711011174,0.054,121.6489145,14.31538209,1.684603312,,,,0.83
WSe2,W,Se,74,34,2.51,Armchair,4,400,5.424606169,0.051,120.9598851,13.5974712,1.528533389,,,,0.83
WSe2,W,Se,74,34,2.51,Armchair,4,500,5.358759758,0.052,118.3130955,13.43241873,1.525020304,,,,0.83
WSe2,W,Se,74,34,2.51,Armchair,4,600,5.157631862,0.05,116.5151772,12.92826586,1.434491729,,,,0.83
WSe2,W,Se,74,34,2.51,Armchair,5,100,5.488287202,0.051,121.2439736,15.38090078,1.951207155,,,,0.83
WSe2,W,Se,74,34,2.51,Armchair,5,200,5.427765242,0.051,119.086371,15.21128825,1.942987164,,,,0.83
WSe2,W,Se,74,34,2.51,Armchair,5,300,5.179164655,0.049,119.2196054,14.5145862,1.767102079,,,,0.83
WSe2,W,Se,74,34,2.51,Armchair,5,400,5.101301895,0.049,117.3765187,14.29637616,1.741288407,,,,0.83
WSe2,W,Se,74,34,2.51,Armchair,5,500,4.869559148,0.048,114.6608657,13.64691813,1.62425404,,,,0.83
WSe2,W,Se,74,34,2.51,Armchair,5,600,4.712004997,0.046,112.5918566,13.20537331,1.548796596,,,,0.83
WSe2,W,Se,74,34,2.51,Zigzag,1,100,10.35834453,0.097,128.7337442,12.98225964,1.309206583,,,,0.83
WSe2,W,Se,74,34,2.51,Zigzag,1,200,10.3144266,0.097,128.064254,12.92721668,1.304914727,,,,0.83
WSe2,W,Se,74,34,2.51,Zigzag,1,300,9.861931026,0.093,127.2302177,12.36009758,1.200752579,,,,0.83
WSe2,W,Se,74,34,2.51,Zigzag,1,400,9.431984617,0.089,126.1583352,11.82123966,1.107669239,,,,0.83
WSe2,W,Se,74,34,2.51,Zigzag,1,500,8.83144781,0.083,125.005839,11.06857839,0.980061641,,,,0.83
WSe2,W,Se,74,34,2.51,Zigzag,1,600,8.803503731,0.084,123.8201317,11.03355568,0.983195134,,,,0.83
WSe2,W,Se,74,34,2.51,Zigzag,2,100,8.407272957,0.076,127.3445597,14.90150333,1.743732139,,,,0.83
WSe2,W,Se,74,34,2.51,Zigzag,2,200,8.098129979,0.073,126.4451329,14.35356167,1.629360718,,,,0.83
WSe2,W,Se,74,34,2.51,Zigzag,2,300,7.579274637,0.069,125.5028878,13.43391452,1.437975352,,,,0.83
WSe2,W,Se,74,34,2.51,Zigzag,2,400,7.544260703,0.07,124.883082,13.37185394,1.431791038,,,,0.83
WSe2,W,Se,74,34,2.51,Zigzag,2,500,7.127236386,0.066,123.5927947,12.63269758,1.291216438,,,,0.83
WSe2,W,Se,74,34,2.51,Zigzag,2,600,7.335418749,0.069,122.5554908,13.00169121,1.379325995,,,,0.83
WSe2,W,Se,74,34,2.51,Zigzag,3,100,7.290790048,0.065,125.7293127,15.82687448,1.992295594,,,,0.83
WSe2,W,Se,74,34,2.51,Zigzag,3,200,6.88280603,0.062,125.1095138,14.94122123,1.784357442,,,,0.83
WSe2,W,Se,74,34,2.51,Zigzag,3,300,6.667466633,0.06,123.8545375,14.47376166,1.691417859,,,,0.83
WSe2,W,Se,74,34,2.51,Zigzag,3,400,6.331913129,0.058,123.2042073,13.74534085,1.533506033,,,,0.83
WSe2,W,Se,74,34,2.51,Zigzag,3,500,6.620358515,0.061,122.153119,14.37149918,1.690828613,,,,0.83
WSe2,W,Se,74,34,2.51,Zigzag,3,600,5.989198188,0.056,120.2620127,13.00137397,1.405562083,,,,0.83
WSe2,W,Se,74,34,2.51,Zigzag,4,100,6.429337181,0.057,124.0478825,16.11595837,2.09374081,,,,0.83
WSe2,W,Se,74,34,2.51,Zigzag,4,200,6.295310454,0.057,123.1213617,15.78000318,2.022463827,,,,0.83
WSe2,W,Se,74,34,2.51,Zigzag,4,300,5.879009351,0.053,122.0773132,14.73649107,1.778906852,,,,0.83
WSe2,W,Se,74,34,2.51,Zigzag,4,400,5.782878492,0.053,120.9691535,14.49552674,1.736974173,,,,0.83
WSe2,W,Se,74,34,2.51,Zigzag,4,500,5.744874663,0.053,120.0802441,14.40026526,1.726908879,,,,0.83
WSe2,W,Se,74,34,2.51,Zigzag,4,600,5.362244461,0.051,119.1538559,13.44115358,1.516229653,,,,0.83
WSe2,W,Se,74,34,2.51,Zigzag,5,100,5.830263117,0.052,121.5489972,16.33928678,2.196417072,,,,0.83
WSe2,W,Se,74,34,2.51,Zigzag,5,200,5.526753501,0.05,120.2564265,15.48870241,1.994902971,,,,0.83
WSe2,W,Se,74,34,2.51,Zigzag,5,300,5.496060192,0.05,119.3619594,15.40268455,1.987590456,,,,0.83
WSe2,W,Se,74,34,2.51,Zigzag,5,400,5.331169369,0.05,119.7435728,14.94057874,1.864157616,,,,0.83
WSe2,W,Se,74,34,2.51,Zigzag,5,500,5.247211195,0.049,118.2571538,14.70528633,1.828603506,,,,0.83
WSe2,W,Se,74,34,2.51,Zigzag,5,600,5.075611669,0.049,117.4327805,14.22437941,1.722968398,,,,0.83
MoS2,Mo,S,42,16,2.382,Armchair,1,100,5.849810623,0.073,103.1685595,7.331650354,0.521022075,,,,0.92
MoS2,Mo,S,42,16,2.382,Armchair,1,200,5.240891527,0.065,100.9060794,6.568483443,0.427575573,,,,0.92
MoS2,Mo,S,42,16,2.382,Armchair,1,300,4.89759292,0.061,97.26423632,6.138222445,0.387375424,,,,0.92
MoS2,Mo,S,42,16,2.382,Armchair,1,400,4.664633418,0.059,95.14503013,5.846251008,0.359226865,,,,0.92
MoS2,Mo,S,42,16,2.382,Armchair,1,500,4.441010133,0.057,92.70421244,5.565980784,0.334182679,,,,0.92
MoS2,Mo,S,42,16,2.382,Armchair,1,600,4.278074231,0.056,87.68002106,5.361770914,0.327880707,,,,0.92
MoS2,Mo,S,42,16,2.382,Armchair,2,100,4.676778107,0.055,102.3125838,8.289373366,0.671605664,,,,0.92
MoS2,Mo,S,42,16,2.382,Armchair,2,200,4.324370812,0.052,100.6757578,7.664747698,0.583540254,,,,0.92
MoS2,Mo,S,42,16,2.382,Armchair,2,300,4.072389468,0.049,96.18341088,7.218122395,0.541686871,,,,0.92
MoS2,Mo,S,42,16,2.382,Armchair,2,400,3.716044335,0.046,92.11919028,6.586517092,0.470935614,,,,0.92
MoS2,Mo,S,42,16,2.382,Armchair,2,500,3.539604263,0.045,91.30498524,6.273785207,0.431086876,,,,0.92
MoS2,Mo,S,42,16,2.382,Armchair,2,600,3.295349748,0.041,84.32647955,5.840855351,0.404565581,,,,0.92
MoS2,Mo,S,42,16,2.382,Armchair,3,100,3.924965291,0.045,101.1695582,8.520329426,0.717567763,,,,0.92
MoS2,Mo,S,42,16,2.382,Armchair,3,200,3.703433408,0.045,99.58384605,8.039427181,0.649024836,,,,0.92
MoS2,Mo,S,42,16,2.382,Armchair,3,300,3.380868139,0.041,95.67196862,7.339201281,0.563005823,,,,0.92
MoS2,Mo,S,42,16,2.382,Armchair,3,400,3.278787666,0.041,92.50376122,7.117604606,0.5476566,,,,0.92
MoS2,Mo,S,42,16,2.382,Armchair,3,500,2.973088872,0.038,90.17543873,6.453992513,0.461922004,,,,0.92
MoS2,Mo,S,42,16,2.382,Armchair,3,600,2.755325014,0.036,85.33129753,5.981269911,0.419255194,,,,0.92
MoS2,Mo,S,42,16,2.382,Armchair,4,100,3.448002065,0.041,100.5655371,8.642859467,0.742789448,,,,0.92
MoS2,Mo,S,42,16,2.382,Armchair,4,200,3.291234563,0.039,97.12708633,8.249901614,0.700740434,,,,0.92
MoS2,Mo,S,42,16,2.382,Armchair,4,300,3.04865609,0.037,93.68755912,7.641847555,0.623325387,,,,0.92
MoS2,Mo,S,42,16,2.382,Armchair,4,400,2.822297343,0.036,89.36588469,7.074450319,0.560033032,,,,0.92
MoS2,Mo,S,42,16,2.382,Armchair,4,500,2.747989829,0.036,89.40244048,6.888189004,0.530714234,,,,0.92
MoS2,Mo,S,42,16,2.382,Armchair,4,600,2.584974603,0.034,81.27490354,6.479570429,0.516578072,,,,0.92
MoS2,Mo,S,42,16,2.382,Armchair,5,100,3.246227276,0.039,98.48609563,9.097537684,0.840374384,,,,0.92
MoS2,Mo,S,42,16,2.382,Armchair,5,200,2.866705488,0.035,96.78847555,8.03392954,0.666856498,,,,0.92
MoS2,Mo,S,42,16,2.382,Armchair,5,300,2.890879594,0.036,91.99318156,8.101677366,0.713500447,,,,0.92
MoS2,Mo,S,42,16,2.382,Armchair,5,400,2.651468191,0.034,88.65505016,7.430727961,0.622815259,,,,0.92
MoS2,Mo,S,42,16,2.382,Armchair,5,500,2.615773105,0.034,87.44641446,7.330692639,0.61453697,,,,0.92
MoS2,Mo,S,42,16,2.382,Armchair,5,600,2.353372191,0.031,81.31298745,6.59531523,0.534947545,,,,0.92
MoS2,Mo,S,42,16,2.382,Zigzag,1,100,5.930902422,0.071,103.2725318,7.433283853,0.535028123,,,,0.92
MoS2,Mo,S,42,16,2.382,Zigzag,1,200,5.274978173,0.063,100.9592794,6.611204718,0.432927296,,,,0.92
MoS2,Mo,S,42,16,2.382,Zigzag,1,300,5.084822233,0.062,96.89688681,6.37287959,0.419142406,,,,0.92
MoS2,Mo,S,42,16,2.382,Zigzag,1,400,4.692074376,0.058,93.89025977,5.880643149,0.368323231,,,,0.92
MoS2,Mo,S,42,16,2.382,Zigzag,1,500,4.601759997,0.058,91.60188415,5.767450861,0.363131062,,,,0.92
MoS2,Mo,S,42,16,2.382,Zigzag,1,600,4.532916221,0.058,86.31285295,5.681167983,0.373938163,,,,0.92
MoS2,Mo,S,42,16,2.382,Zigzag,2,100,4.452211555,0.051,102.5106639,7.891339516,0.607480597,,,,0.92
MoS2,Mo,S,42,16,2.382,Zigzag,2,200,4.169146053,0.048,100.5277965,7.389618977,0.543197708,,,,0.92
MoS2,Mo,S,42,16,2.382,Zigzag,2,300,4.122095099,0.049,94.92196938,7.306223332,0.562366117,,,,0.92
MoS2,Mo,S,42,16,2.382,Zigzag,2,400,3.63075558,0.043,90.40601187,6.435346709,0.458085546,,,,0.92
MoS2,Mo,S,42,16,2.382,Zigzag,2,500,3.637499769,0.044,87.9435349,6.447300473,0.472663322,,,,0.92
MoS2,Mo,S,42,16,2.382,Zigzag,2,600,3.201556389,0.039,80.57522802,5.674610951,0.399641555,,,,0.92
MoS2,Mo,S,42,16,2.382,Zigzag,3,100,3.916785149,0.044,101.6693359,8.502571943,0.711067196,,,,0.92
MoS2,Mo,S,42,16,2.382,Zigzag,3,200,3.630319875,0.042,98.23046376,7.880712048,0.632244011,,,,0.92
MoS2,Mo,S,42,16,2.382,Zigzag,3,300,3.360127268,0.04,92.36535611,7.29417692,0.576027844,,,,0.92
MoS2,Mo,S,42,16,2.382,Zigzag,3,400,3.240578699,0.039,88.60893673,7.034660436,0.55848145,,,,0.92
MoS2,Mo,S,42,16,2.382,Zigzag,3,500,2.99242657,0.037,88.56246887,6.495970861,0.476473138,,,,0.92
MoS2,Mo,S,42,16,2.382,Zigzag,3,600,2.935684621,0.037,80.25620115,6.372795224,0.5060359,,,,0.92
MoS2,Mo,S,42,16,2.382,Zigzag,4,100,3.551388449,0.04,100.1007996,8.9020107,0.791659955,,,,0.92
MoS2,Mo,S,42,16,2.382,Zigzag,4,200,3.42143602,0.04,97.10044849,8.576268268,0.757487515,,,,0.92
MoS2,Mo,S,42,16,2.382,Zigzag,4,300,3.124738427,0.037,89.3545068,7.832557692,0.686579359,,,,0.92
MoS2,Mo,S,42,16,2.382,Zigzag,4,400,2.755012727,0.034,85.32985213,6.905792798,0.558889685,,,,0.92
MoS2,Mo,S,42,16,2.382,Zigzag,4,500,2.918098799,0.037,87.13784289,7.314588958,0.614006611,,,,0.92
MoS2,Mo,S,42,16,2.382,Zigzag,4,600,2.685884814,0.034,81.35751951,6.732514817,0.557130503,,,,0.92
MoS2,Mo,S,42,16,2.382,Zigzag,5,100,3.315096962,0.038,97.95627812,9.290544677,0.881150469,,,,0.92
MoS2,Mo,S,42,16,2.382,Zigzag,5,200,3.044229846,0.036,94.79548705,8.531440774,0.767815894,,,,0.92
MoS2,Mo,S,42,16,2.382,Zigzag,5,300,2.784443433,0.034,88.72555521,7.803390492,0.686306251,,,,0.92
MoS2,Mo,S,42,16,2.382,Zigzag,5,400,2.701581013,0.033,84.46500216,7.571168924,0.678655034,,,,0.92
MoS2,Mo,S,42,16,2.382,Zigzag,5,500,2.715363604,0.034,83.80516335,7.609794575,0.690995294,,,,0.92
MoS2,Mo,S,42,16,2.382,Zigzag,5,600,2.540681331,0.033,80.25079505,7.120248272,0.631743716,,,,0.92
MoSe2,Mo,Se,42,34,2.528,Armchair,1,100,7.728801059,0.091,107.5965943,9.686615632,0.872058479,,,,0.73
MoSe2,Mo,Se,42,34,2.528,Armchair,1,200,7.378864985,0.087,106.1446592,9.248035803,0.805751009,,,,0.73
MoSe2,Mo,Se,42,34,2.528,Armchair,1,300,6.876485381,0.08,105.7490627,8.618396343,0.702386892,,,,0.73
MoSe2,Mo,Se,42,34,2.528,Armchair,1,400,6.944427847,0.081,104.9580226,8.703549596,0.72173402,,,,0.73
MoSe2,Mo,Se,42,34,2.528,Armchair,1,500,6.603951703,0.079,104.4122315,8.276826032,0.656109425,,,,0.73
MoSe2,Mo,Se,42,34,2.528,Armchair,1,600,6.363685303,0.076,102.2224167,7.975696756,0.622287565,,,,0.73
MoSe2,Mo,Se,42,34,2.528,Armchair,2,100,6.211718896,0.07,106.1748712,11.00998508,1.141699256,,,,0.73
MoSe2,Mo,Se,42,34,2.528,Armchair,2,200,5.880001816,0.066,104.3685338,10.42203186,1.040723139,,,,0.73
MoSe2,Mo,Se,42,34,2.528,Armchair,2,300,5.858147256,0.066,105.1082142,10.38329566,1.025731715,,,,0.73
MoSe2,Mo,Se,42,34,2.528,Armchair,2,400,5.400968151,0.061,104.81389,9.572966798,0.874327757,,,,0.73
MoSe2,Mo,Se,42,34,2.528,Armchair,2,500,5.278545248,0.061,103.5922063,9.355977852,0.844989451,,,,0.73
MoSe2,Mo,Se,42,34,2.528,Armchair,2,600,4.986073185,0.058,100.2610595,8.837584618,0.778995377,,,,0.73
MoSe2,Mo,Se,42,34,2.528,Armchair,3,100,5.333607565,0.059,104.4271904,11.57821538,1.28371807,,,,0.73
MoSe2,Mo,Se,42,34,2.528,Armchair,3,200,4.957667444,0.056,103.2431545,10.76212315,1.121849629,,,,0.73
MoSe2,Mo,Se,42,34,2.528,Armchair,3,300,4.833713945,0.055,103.9146666,10.49304442,1.059561512,,,,0.73
MoSe2,Mo,Se,42,34,2.528,Armchair,3,400,4.528701453,0.051,103.949056,9.830922159,0.929753806,,,,0.73
MoSe2,Mo,Se,42,34,2.528,Armchair,3,500,4.29821016,0.05,103.1168321,9.330570792,0.844280701,,,,0.73
MoSe2,Mo,Se,42,34,2.528,Armchair,3,600,4.370509834,0.05,99.01287078,9.487519197,0.909104239,,,,0.73
MoSe2,Mo,Se,42,34,2.528,Armchair,4,100,4.732465878,0.053,102.0543956,11.86253278,1.378869407,,,,0.73
MoSe2,Mo,Se,42,34,2.528,Armchair,4,200,4.510525009,0.051,100.9185249,11.30620952,1.266669067,,,,0.73
MoSe2,Mo,Se,42,34,2.528,Armchair,4,300,4.186791535,0.048,101.7684346,10.49473004,1.082254621,,,,0.73
MoSe2,Mo,Se,42,34,2.528,Armchair,4,400,4.179920633,0.048,101.9438165,10.47750724,1.0768496,,,,0.73
MoSe2,Mo,Se,42,34,2.528,Armchair,4,500,3.920485817,0.046,101.3691117,9.827200599,0.952695254,,,,0.73
MoSe2,Mo,Se,42,34,2.528,Armchair,4,600,3.872369005,0.045,99.33088929,9.706589638,0.94852551,,,,0.73
MoSe2,Mo,Se,42,34,2.528,Armchair,5,100,4.205792262,0.048,99.84613568,11.78671434,1.391407229,,,,0.73
MoSe2,Mo,Se,42,34,2.528,Armchair,5,200,4.054053852,0.046,96.01851758,11.36146812,1.344354829,,,,0.73
MoSe2,Mo,Se,42,34,2.528,Armchair,5,300,3.787473513,0.044,98.37797021,10.61437789,1.145226087,,,,0.73
MoSe2,Mo,Se,42,34,2.528,Armchair,5,400,3.869839924,0.046,100.3907681,10.84520939,1.171607399,,,,0.73
MoSe2,Mo,Se,42,34,2.528,Armchair,5,500,3.673069247,0.044,99.57895434,10.29376043,1.064095366,,,,0.73
MoSe2,Mo,Se,42,34,2.528,Armchair,5,600,3.34799875,0.042,100.6275244,9.382751793,0.874870288,,,,0.73
MoSe2,Mo,Se,42,34,2.528,Zigzag,1,100,7.999451229,0.091,108.1570519,10.02582532,0.929363102,,,,0.73
MoSe2,Mo,Se,42,34,2.528,Zigzag,1,200,7.671043859,0.087,106.4170756,9.614227716,0.868595327,,,,0.73
MoSe2,Mo,Se,42,34,2.528,Zigzag,1,300,7.52162848,0.086,106.0601978,9.42696331,0.837898091,,,,0.73
MoSe2,Mo,Se,42,34,2.528,Zigzag,1,400,7.193638059,0.082,105.624077,9.015888278,0.769580608,,,,0.73
MoSe2,Mo,Se,42,34,2.528,Zigzag,1,500,6.589658359,0.076,104.3064325,8.258911981,0.653935002,,,,0.73
MoSe2,Mo,Se,42,34,2.528,Zigzag,1,600,6.07175592,0.07,102.5033064,7.609817533,0.56495078,,,,0.73
MoSe2,Mo,Se,42,34,2.528,Zigzag,2,100,5.884720836,0.063,106.449326,10.43039611,1.022018335,,,,0.73
MoSe2,Mo,Se,42,34,2.528,Zigzag,2,200,5.843391987,0.064,104.4688976,10.35714263,1.02681665,,,,0.73
MoSe2,Mo,Se,42,34,2.528,Zigzag,2,300,5.426289466,0.06,103.5059817,9.61784766,0.89369708,,,,0.73
MoSe2,Mo,Se,42,34,2.528,Zigzag,2,400,5.395343119,0.06,104.2757404,9.562996688,0.87701037,,,,0.73
MoSe2,Mo,Se,42,34,2.528,Zigzag,2,500,5.006241962,0.056,103.177042,8.873332844,0.763115847,,,,0.73
MoSe2,Mo,Se,42,34,2.528,Zigzag,2,600,4.653515028,0.053,102.3592978,8.248140632,0.664637462,,,,0.73
MoSe2,Mo,Se,42,34,2.528,Zigzag,3,100,5.296032078,0.057,105.3641348,11.49664637,1.254438979,,,,0.73
MoSe2,Mo,Se,42,34,2.528,Zigzag,3,200,5.253305736,0.057,103.356496,11.40389586,1.258255126,,,,0.73
MoSe2,Mo,Se,42,34,2.528,Zigzag,3,300,4.949894828,0.055,102.0125597,10.74525032,1.131825383,,,,0.73
MoSe2,Mo,Se,42,34,2.528,Zigzag,3,400,4.916726991,0.055,103.5416862,10.67324946,1.10021633,,,,0.73
MoSe2,Mo,Se,42,34,2.528,Zigzag,3,500,4.787211093,0.054,102.3457789,10.39209586,1.055203815,,,,0.73
MoSe2,Mo,Se,42,34,2.528,Zigzag,3,600,4.30892476,0.049,101.2092775,9.353830086,0.864487322,,,,0.73
MoSe2,Mo,Se,42,34,2.528,Zigzag,4,100,4.72887705,0.051,102.9779871,11.85353692,1.364430802,,,,0.73
MoSe2,Mo,Se,42,34,2.528,Zigzag,4,200,4.533982294,0.05,100.0657718,11.36500821,1.290785145,,,,0.73
MoSe2,Mo,Se,42,34,2.528,Zigzag,4,300,4.354313003,0.049,100.56873,10.91464409,1.184557622,,,,0.73
MoSe2,Mo,Se,42,34,2.528,Zigzag,4,400,4.313890989,0.048,100.8139353,10.81332113,1.1598388,,,,0.73
MoSe2,Mo,Se,42,34,2.528,Zigzag,4,500,4.160019503,0.047,100.8318606,10.42762251,1.078382473,,,,0.73
MoSe2,Mo,Se,42,34,2.528,Zigzag,4,600,3.680597617,0.043,100.7680817,9.225890054,0.84468262,,,,0.73
MoSe2,Mo,Se,42,34,2.528,Zigzag,5,100,4.460896538,0.048,101.5477513,12.50164296,1.539089489,,,,0.73
MoSe2,Mo,Se,42,34,2.528,Zigzag,5,200,4.348294279,0.048,98.13022936,12.18607562,1.513299622,,,,0.73
MoSe2,Mo,Se,42,34,2.528,Zigzag,5,300,4.055235685,0.045,98.66629505,11.3647802,1.309041034,,,,0.73
MoSe2,Mo,Se,42,34,2.528,Zigzag,5,400,3.726786312,0.042,100.0479189,10.44430227,1.090312034,,,,0.73
MoSe2,Mo,Se,42,34,2.528,Zigzag,5,500,3.763199318,0.043,99.67559221,10.54634956,1.115874876,,,,0.73
MoSe2,Mo,Se,42,34,2.528,Zigzag,5,600,3.413593782,0.04,99.86870789,9.566581582,0.91639799,,,,0.73
WS2,W,S,74,16,2.39,Armchair,1,100,8.125193439,0.08,127.0208234,10.18341981,0.816417625,,,,1.07
WS2,W,S,74,16,2.39,Armchair,1,200,8.099264036,0.081,125.6938897,10.15092212,0.819779069,,,,1.07
WS2,W,S,74,16,2.39,Armchair,1,300,7.372836068,0.073,124.5781152,9.240479676,0.685405013,,,,1.07
WS2,W,S,74,16,2.39,Armchair,1,400,7.36153585,0.074,122.9582963,9.226316953,0.692307287,,,,1.07
WS2,W,S,74,16,2.39,Armchair,1,500,7.208497285,0.073,120.9631629,9.034511556,0.674770708,,,,1.07
WS2,W,S,74,16,2.39,Armchair,1,600,6.655291874,0.067,118.5315327,8.341171394,0.586975791,,,,1.07
WS2,W,S,74,16,2.39,Armchair,2,100,6.702793116,0.064,126.1641082,11.88039147,1.11873102,,,,1.07
WS2,W,S,74,16,2.39,Armchair,2,200,6.248029583,0.059,124.3347974,11.07434409,0.986377906,,,,1.07
WS2,W,S,74,16,2.39,Armchair,2,300,5.86217229,0.057,123.6677234,10.39042985,0.872992803,,,,1.07
WS2,W,S,74,16,2.39,Armchair,2,400,5.656575381,0.055,121.9776244,10.02601882,0.824094204,,,,1.07
WS2,W,S,74,16,2.39,Armchair,2,500,5.381666619,0.052,119.8956626,9.538755723,0.758892013,,,,1.07
WS2,W,S,74,16,2.39,Armchair,2,600,5.114098518,0.051,117.1802774,9.064503612,0.701186476,,,,1.07
WS2,W,S,74,16,2.39,Armchair,3,100,5.701557649,0.054,124.7731764,12.3769628,1.227741512,,,,1.07
WS2,W,S,74,16,2.39,Armchair,3,200,5.431137055,0.052,123.372702,11.78993276,1.12668777,,,,1.07
WS2,W,S,74,16,2.39,Armchair,3,300,5.243564799,0.05,120.867575,11.3827502,1.071974863,,,,1.07
WS2,W,S,74,16,2.39,Armchair,3,400,4.921313482,0.048,120.6160655,10.68320583,0.946232878,,,,1.07
WS2,W,S,74,16,2.39,Armchair,3,500,4.954664603,0.049,118.1960309,10.75560457,0.9787387,,,,1.07
WS2,W,S,74,16,2.39,Armchair,3,600,4.684062876,0.046,115.9674564,10.16818132,0.891559706,,,,1.07
WS2,W,S,74,16,2.39,Armchair,4,100,5.105961948,0.048,122.930447,12.79874859,1.332525582,,,,1.07
WS2,W,S,74,16,2.39,Armchair,4,200,4.823578219,0.046,120.5972442,12.09091755,1.212219136,,,,1.07
WS2,W,S,74,16,2.39,Armchair,4,300,4.826112772,0.047,119.0610714,12.09727073,1.229150363,,,,1.07
WS2,W,S,74,16,2.39,Armchair,4,400,4.591439547,0.045,118.3993579,11.50903219,1.118737671,,,,1.07
WS2,W,S,74,16,2.39,Armchair,4,500,4.395783797,0.043,116.0269281,11.01859595,1.046390341,,,,1.07
WS2,W,S,74,16,2.39,Armchair,4,600,4.291176792,0.043,112.8183403,10.75638508,1.02554088,,,,1.07
WS2,W,S,74,16,2.39,Armchair,5,100,4.592237962,0.044,120.6267894,12.86972672,1.373076965,,,,1.07
WS2,W,S,74,16,2.39,Armchair,5,200,4.427348475,0.043,118.1994307,12.40762466,1.302452548,,,,1.07
WS2,W,S,74,16,2.39,Armchair,5,300,4.34256859,0.042,116.1995861,12.1700294,1.274613969,,,,1.07
WS2,W,S,74,16,2.39,Armchair,5,400,4.038390958,0.041,117.6629942,11.31757292,1.088595932,,,,1.07
WS2,W,S,74,16,2.39,Armchair,5,500,4.029971456,0.04,113.9505067,11.29397731,1.119380046,,,,1.07
WS2,W,S,74,16,2.39,Armchair,5,600,3.753228152,0.039,112.2684253,10.51840541,0.985467215,,,,1.07
WS2,W,S,74,16,2.39,Zigzag,1,100,8.808684656,0.085,127.5099846,11.04004901,0.955867751,,,,1.07
WS2,W,S,74,16,2.39,Zigzag,1,200,8.371083693,0.081,126.0601269,10.49159754,0.873183469,,,,1.07
WS2,W,S,74,16,2.39,Zigzag,1,300,7.757151273,0.075,124.6608176,9.722147356,0.758218589,,,,1.07
WS2,W,S,74,16,2.39,Zigzag,1,400,7.223954549,0.07,122.9833788,9.053884364,0.666535778,,,,1.07
WS2,W,S,74,16,2.39,Zigzag,1,500,6.560774467,0.063,119.9656689,8.222711391,0.563602764,,,,1.07
WS2,W,S,74,16,2.39,Zigzag,1,600,6.962516106,0.069,117.4220539,8.726219867,0.648489024,,,,1.07
WS2,W,S,74,16,2.39,Zigzag,2,100,6.448479102,0.059,125.7891263,11.42963162,1.038535545,,,,1.07
WS2,W,S,74,16,2.39,Zigzag,2,200,6.073109199,0.056,124.1418059,10.76430579,0.933370336,,,,1.07
WS2,W,S,74,16,2.39,Zigzag,2,300,5.809986242,0.054,123.1131438,10.29793249,0.861381736,,,,1.07
WS2,W,S,74,16,2.39,Zigzag,2,400,5.627253417,0.053,121.5368736,9.974046989,0.818530298,,,,1.07
WS2,W,S,74,16,2.39,Zigzag,2,500,5.673856343,0.054,119.2473174,10.05664852,0.848121214,,,,1.07
WS2,W,S,74,16,2.39,Zigzag,2,600,5.137615493,0.05,115.7134973,9.106186365,0.716620205,,,,1.07
WS2,W,S,74,16,2.39,Zigzag,3,100,5.67992516,0.052,124.6301646,12.33000291,1.219840898,,,,1.07
WS2,W,S,74,16,2.39,Zigzag,3,200,5.505197157,0.051,122.6714214,11.95070271,1.164242605,,,,1.07
WS2,W,S,74,16,2.39,Zigzag,3,300,5.101474126,0.047,121.4612204,11.07429923,1.009705839,,,,1.07
WS2,W,S,74,16,2.39,Zigzag,3,400,4.865415592,0.046,120.6858009,10.56186248,0.924325299,,,,1.07
WS2,W,S,74,16,2.39,Zigzag,3,500,4.886692876,0.046,116.1026464,10.60805129,0.969235031,,,,1.07
WS2,W,S,74,16,2.39,Zigzag,3,600,4.443061154,0.043,113.6213565,9.645013875,0.8187395,,,,1.07
WS2,W,S,74,16,2.39,Zigzag,4,100,5.078451113,0.046,122.528983,12.72978915,1.322524091,,,,1.07
WS2,W,S,74,16,2.39,Zigzag,4,200,4.978677495,0.046,120.267895,12.47969378,1.294965351,,,,1.07
WS2,W,S,74,16,2.39,Zigzag,4,300,4.652781752,0.044,120.3486326,11.6627943,1.130222819,,,,1.07
WS2,W,S,74,16,2.39,Zigzag,4,400,4.540485498,0.043,117.7258795,11.38130933,1.100303541,,,,1.07
WS2,W,S,74,16,2.39,Zigzag,4,500,4.38730583,0.042,114.9066567,10.99734484,1.052520342,,,,1.07
WS2,W,S,74,16,2.39,Zigzag,4,600,4.267611781,0.041,109.882042,10.69731636,1.041412911,,,,1.07
WS2,W,S,74,16,2.39,Zigzag,5,100,4.608658101,0.042,120.1542576,12.91574409,1.388352345,,,,1.07
WS2,W,S,74,16,2.39,Zigzag,5,200,4.550156264,0.042,117.872414,12.75179295,1.379527388,,,,1.07
WS2,W,S,74,16,2.39,Zigzag,5,300,4.211204094,0.04,117.9494663,11.80188098,1.18088194,,,,1.07
WS2,W,S,74,16,2.39,Zigzag,5,400,4.152890453,0.04,115.507838,11.63845726,1.172679618,,,,1.07
WS2,W,S,74,16,2.39,Zigzag,5,500,3.952302469,0.038,111.1981558,11.07631031,1.103297525,,,,1.07
WS2,W,S,74,16,2.39,Zigzag,5,600,3.74908536,0.037,108.9947125,10.50679526,1.012826623,,,,1.07
WSe2,W,Se,74,34,2.51,Armchair,1,100,10.07394694,0.098,128.3069542,12.62582012,1.242421618,,,,0.83
WSe2,W,Se,74,34,2.51,Armchair,1,200,9.900562138,0.097,126.8829585,12.40851449,1.213490242,,,,0.83
WSe2,W,Se,74,34,2.51,Armchair,1,300,9.303552,0.091,125.0551927,11.66027325,1.087215727,,,,0.83
WSe2,W,Se,74,34,2.51,Armchair,1,400,9.181985478,0.09,124.2860638,11.50791221,1.06554218,,,,0.83
WSe2,W,Se,74,34,2.51,Armchair,1,500,9.21060881,0.091,123.5932399,11.54378623,1.078206225,,,,0.83
WSe2,W,Se,74,34,2.51,Armchair,1,600,8.469549483,0.083,122.671523,10.6150061,0.918537178,,,,0.83
WSe2,W,Se,74,34,2.51,Armchair,2,100,7.761885348,0.072,127.1107498,13.75758358,1.48902517,,,,0.83
WSe2,W,Se,74,34,2.51,Armchair,2,200,7.860329437,0.074,125.154334,13.93207118,1.550905999,,,,0.83
WSe2,W,Se,74,34,2.51,Armchair,2,300,7.368648674,0.07,123.0406406,13.06058972,1.386363099,,,,0.83
WSe2,W,Se,74,34,2.51,Armchair,2,400,7.375117861,0.07,121.8238079,13.07205605,1.402670401,,,,0.83
WSe2,W,Se,74,34,2.51,Armchair,2,500,7.052961746,0.067,120.7736659,12.50104921,1.293959491,,,,0.83
WSe2,W,Se,74,34,2.51,Armchair,2,600,7.285619713,0.07,120.9195021,12.91342472,1.379070663,,,,0.83
WSe2,W,Se,74,34,2.51,Armchair,3,100,6.993395283,0.064,125.1161886,15.1812888,1.842060026,,,,0.83
WSe2,W,Se,74,34,2.51,Armchair,3,200,6.682837686,0.062,123.2660653,14.5071292,1.707337678,,,,0.83
WSe2,W,Se,74,34,2.51,Armchair,3,300,6.735144213,0.063,120.4745628,14.62067641,1.774351146,,,,0.83
WSe2,W,Se,74,34,2.51,Armchair,3,400,6.087684555,0.057,120.3958797,13.21516854,1.450553624,,,,0.83
WSe2,W,Se,74,34,2.51,Armchair,3,500,5.987729263,0.057,119.4369966,12.99818522,1.414576922,,,,0.83
WSe2,W,Se,74,34,2.51,Armchair,3,600,5.887091021,0.056,118.6419821,12.77971935,1.376588823,,,,0.83
WSe2,W,Se,74,34,2.51,Armchair,4,100,6.241847174,0.058,123.2985061,15.64599061,1.985401364,,,,0.83
WSe2,W,Se,74,34,2.51,Armchair,4,200,5.835204832,0.055,121.2120542,14.62668942,1.765006334,,,,0.83
WSe2,W,Se,74,34,2.51,Armchair,4,300,5.707323561,0.054,118.1848655,14.30613861,1.73174121,,,,0.83
WSe2,W,Se,74,34,2.51,Armchair,4,400,5.809294908,0.055,117.2700817,14.56174287,1.808170954,,,,0.83
WSe2,W,Se,74,34,2.51,Armchair,4,500,5.345978786,0.052,117.275555,13.40038158,1.531182065,,,,0.83
WSe2,W,Se,74,34,2.51,Armchair,4,600,5.1373012,0.05,116.3663113,12.87730444,1.425025575,,,,0.83
WSe2,W,Se,74,34,2.51,Armchair,5,100,5.549013609,0.052,120.2507158,15.55108627,2.011100579,,,,0.83
WSe2,W,Se,74,34,2.51,Armchair,5,200,5.505587947,0.052,117.4361666,15.42938604,2.027194522,,,,0.83
WSe2,W,Se,74,34,2.51,Armchair,5,300,5.122785949,0.049,114.2943175,14.35658512,1.803340192,,,,0.83
WSe2,W,Se,74,34,2.51,Armchair,5,400,5.011664665,0.048,113.9508703,14.04516821,1.731156152,,,,0.83
WSe2,W,Se,74,34,2.51,Armchair,5,500,5.025613968,0.049,113.8397095,14.08426107,1.742506291,,,,0.83
WSe2,W,Se,74,34,2.51,Armchair,5,600,4.400952998,0.044,113.1055396,12.33365145,1.344929334,,,,0.83
WSe2,W,Se,74,34,2.51,Zigzag,1,100,10.60426456,0.1,129.0351197,13.29047469,1.368904201,,,,0.83
WSe2,W,Se,74,34,2.51,Zigzag,1,200,9.948969819,0.093,127.2965626,12.46918453,1.221404251,,,,0.83
WSe2,W,Se,74,34,2.51,Zigzag,1,300,9.918252682,0.094,125.8706935,12.4306863,1.227624618,,,,0.83
WSe2,W,Se,74,34,2.51,Zigzag,1,400,9.285845609,0.087,124.2747544,11.63808158,1.089883005,,,,0.83
WSe2,W,Se,74,34,2.51,Zigzag,1,500,9.2793178,0.088,123.5019105,11.62990018,1.09516183,,,,0.83
WSe2,W,Se,74,34,2.51,Zigzag,1,600,9.011701993,0.086,123.0736144,11.29449351,1.036498231,,,,0.83
WSe2,W,Se,74,34,2.51,Zigzag,2,100,8.136021391,0.073,127.5904041,14.42072245,1.629881474,,,,0.83
WSe2,W,Se,74,34,2.51,Zigzag,2,200,7.795753963,0.071,125.5879468,13.81761413,1.520261022,,,,0.83
WSe2,W,Se,74,34,2.51,Zigzag,2,300,8.008248813,0.073,123.5979919,14.19425145,1.630097472,,,,0.83
WSe2,W,Se,74,34,2.51,Zigzag,2,400,7.125784562,0.065,121.4904084,12.63012429,1.31302579,,,,0.83
WSe2,W,Se,74,34,2.51,Zigzag,2,500,7.12735188,0.066,120.1481802,12.63290229,1.328278297,,,,0.83
WSe2,W,Se,74,34,2.51,Zigzag,2,600,7.039401653,0.065,119.4785045,12.47701457,1.302961509,,,,0.83
WSe2,W,Se,74,34,2.51,Zigzag,3,100,7.125373744,0.064,126.0465615,15.46778814,1.898127701,,,,0.83
WSe2,W,Se,74,34,2.51,Zigzag,3,200,6.939756262,0.062,123.7117119,15.06484901,1.834504367,,,,0.83
WSe2,W,Se,74,34,2.51,Zigzag,3,300,6.839899502,0.062,121.3478134,14.84807958,1.816806262,,,,0.83
WSe2,W,Se,74,34,2.51,Zigzag,3,400,6.513177501,0.059,119.239534,14.13883023,1.67651209,,,,0.83
WSe2,W,Se,74,34,2.51,Zigzag,3,500,5.939376825,0.055,117.4739425,12.89322157,1.415081156,,,,0.83
WSe2,W,Se,74,34,2.51,Zigzag,3,600,6.127608991,0.057,117.8275847,13.30183666,1.501676021,,,,0.83
WSe2,W,Se,74,34,2.51,Zigzag,4,100,6.518744665,0.059,124.3435725,16.34006969,2.14725918,,,,0.83
WSe2,W,Se,74,34,2.51,Zigzag,4,200,6.077360127,0.055,121.2529048,15.23368273,1.913893031,,,,0.83
WSe2,W,Se,74,34,2.51,Zigzag,4,300,6.038288674,0.055,118.5594511,15.13574512,1.932286108,,,,0.83
WSe2,W,Se,74,34,2.51,Zigzag,4,400,5.525238822,0.051,115.4741001,13.84971986,1.661106169,,,,0.83
WSe2,W,Se,74,34,2.51,Zigzag,4,500,5.438961846,0.05,114.8168141,13.63345555,1.618849222,,,,0.83
WSe2,W,Se,74,34,2.51,Zigzag,4,600,5.456450575,0.051,110.7757782,13.67729329,1.688711691,,,,0.83
WSe2,W,Se,74,34,2.51,Zigzag,5,100,5.835270687,0.053,121.9741326,16.35332047,2.192522995,,,,0.83
WSe2,W,Se,74,34,2.51,Zigzag,5,200,5.579869708,0.051,118.7203317,15.63756035,2.059742339,,,,0.83
WSe2,W,Se,74,34,2.51,Zigzag,5,300,5.396936897,0.05,115.8058687,15.12489195,1.975395195,,,,0.83
WSe2,W,Se,74,34,2.51,Zigzag,5,400,5.392006623,0.05,112.9898964,15.11107488,2.020929227,,,,0.83
WSe2,W,Se,74,34,2.51,Zigzag,5,500,4.995139217,0.047,110.1755227,13.99885572,1.778688738,,,,0.83
WSe2,W,Se,74,34,2.51,Zigzag,5,600,4.903198393,0.047,106.6428523,13.74119196,1.770586143,,,,0.83
